page_type,지역명,학교명,학교급,학년표현,과목표현,내신사용,display_keyword,compact_keyword,slug,title,title_core_terms,body_core_terms,description_core_terms,is_valid,validation_note
region,신동,,,,,false,신동과외,신동과외,신동과외,신동과외 주간 계획과 실천 결과를 비교하는 주간 학습 흐름을 확인합니다 학습 방향을 함께 살펴봅니다,신동|과외,신동|과외,신동|과외,true,정상
region,장상동,,,,영어,false,장상동 영어과외,장상동영어과외,장상동영어과외,장상동 영어과외 과목별 접근법을 안내합니다 학습 방향을 함께 살펴봅니다 시험 준비을 함께 살펴봅니다,장상동|영어|과외,장상동|영어|과외,장상동|영어|과외,true,정상
region,반지동,,,,수학,false,반지동 수학과외,반지동수학과외,반지동수학과외,반지동 수학과외 과목별 접근법을 안내합니다 학습 방향을 함께 살펴봅니다 시험 준비을 함께 살펴봅니다,반지동|수학|과외,반지동|수학|과외,반지동|수학|과외,true,정상
region,흥덕동,,,,과학,false,흥덕동 과학과외,흥덕동과학과외,흥덕동과학과외,흥덕동 과학과외 과목별 접근법을 안내합니다 학습 방향을 함께 살펴봅니다 시험 준비을 함께 살펴봅니다,흥덕동|과학|과외,흥덕동|과학|과외,흥덕동|과학|과외,true,정상
region,서봉동,,,,국어,false,서봉동 국어과외,서봉동국어과외,서봉동국어과외,서봉동 국어과외 과목별 접근법을 안내합니다 학습 방향을 함께 살펴봅니다 시험 준비을 함께 살펴봅니다,서봉동|국어|과외,서봉동|국어|과외,서봉동|국어|과외,true,정상
region,월성동,,,,영수,false,월성동 영수과외,월성동영수과외,월성동영수과외,월성동 영수과외 과목별 접근법을 안내합니다 학습 방향을 함께 살펴봅니다 시험 준비을 함께 살펴봅니다,월성동|영수|과외,월성동|영수|과외,월성동|영수|과외,true,정상
region,서구,,,초등,,false,서구 초등과외,서구초등과외,서구초등과외,서구 초등과외 시험 대비 흐름을 점검합니다 학습 방향을 함께 살펴봅니다 시험 준비을 함께 살펴봅니다,서구|초등|과외,서구|초등|과외,서구|초등|과외,true,정상
region,연제구,,,초등학생,,false,연제구 초등학생과외,연제구초등학생과외,연제구초등학생과외,연제구 초등학생과외 학습 기준을 정리합니다 학습 방향을 함께 살펴봅니다 시험 준비을 함께 살펴봅니다,연제구|초등학생|과외,연제구|초등학생|과외,연제구|초등학생|과외,true,정상
region,신당동,,,중등,,false,신당동 중등과외,신당동중등과외,신당동중등과외,신당동 중등과외 과목별 접근법을 안내합니다 학습 방향을 함께 살펴봅니다 시험 준비을 함께 살펴봅니다,신당동|중등|과외,신당동|중등|과외,신당동|중등|과외,true,정상
region,세종특별자치시,,,중학생,,false,세종특별자치시 중학생과외,세종특별자치시중학생과외,세종특별자치시중학생과외,세종특별자치시 중학생과외 복습 주기와 학습량을 함께 조절하는 학습 기록을 활용하는 방법을 정리합니다,세종특별자치시|중학생|과외,세종특별자치시|중학생|과외,세종특별자치시|중학생|과외,true,정상
region,성안동,,,고등,,false,성안동 고등과외,성안동고등과외,성안동고등과외,성안동 고등과외 과목별 접근법을 안내합니다 학습 방향을 함께 살펴봅니다 시험 준비을 함께 살펴봅니다,성안동|고등|과외,성안동|고등|과외,성안동|고등|과외,true,정상
region,계양구,,,고등학생,,false,계양구 고등학생과외,계양구고등학생과외,계양구고등학생과외,계양구 고등학생과외 학습 기준을 정리합니다 학습 방향을 함께 살펴봅니다 시험 준비을 함께 살펴봅니다,계양구|고등학생|과외,계양구|고등학생|과외,계양구|고등학생|과외,true,정상
region,여서동,,,초등,영어,false,여서동 초등 영어과외,여서동초등영어과외,여서동초등영어과외,여서동 초등 영어과외 과목별 공부 순서를 균형 있게 살펴보는 취약 부분을 보완하는 흐름을 알아봅니다,여서동|초등|영어|과외,여서동|초등|영어|과외,여서동|초등|영어|과외,true,정상
region,수송동,,,초등,수학,false,수송동 초등 수학과외,수송동초등수학과외,수송동초등수학과외,수송동 초등 수학과외 서술 과정과 답의 근거를 함께 점검하는 취약 부분을 보완하는 흐름을 알아봅니다,수송동|초등|수학|과외,수송동|초등|수학|과외,수송동|초등|수학|과외,true,정상
region,용담삼동,,,초등,과학,false,용담삼동 초등 과학과외,용담삼동초등과학과외,용담삼동초등과학과외,용담삼동 초등 과학과외 스스로 공부하는 기준을 조금씩 세우는 취약 부분을 보완하는 흐름을 알아봅니다,용담삼동|초등|과학|과외,용담삼동|초등|과학|과외,용담삼동|초등|과학|과외,true,정상
region,청동,,,초등,국어,false,청동 초등 국어과외,청동초등국어과외,청동초등국어과외,청동 초등 국어과외 학습 기준을 정리합니다 학습 방향을 함께 살펴봅니다 시험 준비을 함께 살펴봅니다,청동|초등|국어|과외,청동|초등|국어|과외,청동|초등|국어|과외,true,정상
region,단양군평동,,,초등,영수,false,단양군평동 초등 영수과외,단양군평동초등영수과외,단양군평동초등영수과외,단양군평동 초등 영수과외 복습 주기와 학습량을 함께 조절하는 학습 기록을 활용하는 방법을 정리합니다,단양군평동|초등|영수|과외,단양군평동|초등|영수|과외,단양군평동|초등|영수|과외,true,정상
region,황지동,,,초등학생,영어,false,황지동 초등학생 영어과외,황지동초등학생영어과외,황지동초등학생영어과외,황지동 초등학생 영어과외 어휘 복습과 독해 문제 접근 기준을 살펴봅니다 학습 방향을 함께 살펴봅니다,황지동|초등학생|영어|과외,황지동|초등학생|영어|과외,황지동|초등학생|영어|과외,true,정상
region,상현동,,,초등학생,수학,false,상현동 초등학생 수학과외,상현동초등학생수학과외,상현동초등학생수학과외,상현동 초등학생 수학과외 집중 시간과 공부 분량을 알맞게 나누는 교과 진도에 맞는 계획을 알아봅니다,상현동|초등학생|수학|과외,상현동|초등학생|수학|과외,상현동|초등학생|수학|과외,true,정상
region,신촌동,,,초등학생,과학,false,신촌동 초등학생 과학과외,신촌동초등학생과학과외,신촌동초등학생과학과외,신촌동 초등학생 과학과외 개념 이해와 탐구 자료 해석 방향을 정리합니다 학습 방향을 함께 살펴봅니다,신촌동|초등학생|과학|과외,신촌동|초등학생|과학|과외,신촌동|초등학생|과학|과외,true,정상
region,교동,,,초등학생,국어,false,교동 초등학생 국어과외,교동초등학생국어과외,교동초등학생국어과외,교동 초등학생 국어과외 지문 이해와 답의 근거를 찾는 과정을 살펴봅니다 학습 방향을 함께 살펴봅니다,교동|초등학생|국어|과외,교동|초등학생|국어|과외,교동|초등학생|국어|과외,true,정상
region,운수동,,,초등학생,영수,false,운수동 초등학생 영수과외,운수동초등학생영수과외,운수동초등학생영수과외,운수동 초등학생 영수과외 서술 과정과 답의 근거를 함께 점검하는 교과 진도에 맞는 계획을 알아봅니다,운수동|초등학생|영수|과외,운수동|초등학생|영수|과외,운수동|초등학생|영수|과외,true,정상
region,신서동,,,중등,영어,false,신서동 중등 영어과외,신서동중등영어과외,신서동중등영어과외,신서동 중등 영어과외 단기 목표와 누적 복습을 함께 배치하는 취약 부분을 보완하는 흐름을 알아봅니다,신서동|중등|영어|과외,신서동|중등|영어|과외,신서동|중등|영어|과외,true,정상
region,유성구,,,중등,수학,false,유성구 중등 수학과외,유성구중등수학과외,유성구중등수학과외,유성구 중등 수학과외 집중 시간과 공부 분량을 알맞게 나누는 학습 기록을 활용하는 방법을 정리합니다,유성구|중등|수학|과외,유성구|중등|수학|과외,유성구|중등|수학|과외,true,정상
region,강서구,,,중등,과학,false,강서구 중등 과학과외,강서구중등과학과외,강서구중등과학과외,강서구 중등 과학과외 교과 내용을 자신의 말로 설명해 보는 학습 기록을 활용하는 방법을 정리합니다,강서구|중등|과학|과외,강서구|중등|과학|과외,강서구|중등|과학|과외,true,정상
region,보광동,,,중등,국어,false,보광동 중등 국어과외,보광동중등국어과외,보광동중등국어과외,보광동 중등 국어과외 국어 독해와 서술형 답안의 학습 방향을 정리합니다 시험 준비을 함께 살펴봅니다,보광동|중등|국어|과외,보광동|중등|국어|과외,보광동|중등|국어|과외,true,정상
region,도담동,,,중등,영수,false,도담동 중등 영수과외,도담동중등영수과외,도담동중등영수과외,도담동 중등 영수과외 풀이 근거와 판단 순서를 꼼꼼히 살피는 취약 부분을 보완하는 흐름을 알아봅니다,도담동|중등|영수|과외,도담동|중등|영수|과외,도담동|중등|영수|과외,true,정상
region,유곡동,,,중학생,영어,false,유곡동 중학생 영어과외,유곡동중학생영어과외,유곡동중학생영어과외,유곡동 중학생 영어과외 영어 독해와 문장 해석의 학습 방향을 정리합니다 시험 준비을 함께 살펴봅니다,유곡동|중학생|영어|과외,유곡동|중학생|영어|과외,유곡동|중학생|영어|과외,true,정상
region,신현동,,,중학생,수학,false,신현동 중학생 수학과외,신현동중학생수학과외,신현동중학생수학과외,신현동 중학생 수학과외 계산 과정과 오답 관리의 학습 기준을 정리합니다 학습 방향을 함께 살펴봅니다,신현동|중학생|수학|과외,신현동|중학생|수학|과외,신현동|중학생|수학|과외,true,정상
region,나주시,,,중학생,과학,false,나주시 중학생 과학과외,나주시중학생과학과외,나주시중학생과학과외,나주시 중학생 과학과외 시험 준비 방향을 구체적으로 정리하는 학습 기록을 활용하는 방법을 정리합니다,나주시|중학생|과학|과외,나주시|중학생|과학|과외,나주시|중학생|과학|과외,true,정상
region,완주군,,,중학생,국어,false,완주군 중학생 국어과외,완주군중학생국어과외,완주군중학생국어과외,완주군 중학생 국어과외 지문 이해와 답의 근거를 찾는 과정을 살펴봅니다 학습 방향을 함께 살펴봅니다,완주군|중학생|국어|과외,완주군|중학생|국어|과외,완주군|중학생|국어|과외,true,정상
region,아라일동,,,중학생,영수,false,아라일동 중학생 영수과외,아라일동중학생영수과외,아라일동중학생영수과외,아라일동 중학생 영수과외 교과 진도와 취약 부분을 함께 확인하는 매일 실천할 공부 기준을 안내합니다,아라일동|중학생|영수|과외,아라일동|중학생|영수|과외,아라일동|중학생|영수|과외,true,정상
region,동대동,,,고등,영어,false,동대동 고등 영어과외,동대동고등영어과외,동대동고등영어과외,동대동 고등 영어과외 집중 시간과 공부 분량을 알맞게 나누는 학습 기록을 활용하는 방법을 정리합니다,동대동|고등|영어|과외,동대동|고등|영어|과외,동대동|고등|영어|과외,true,정상
region,봉명동,,,고등,수학,false,봉명동 고등 수학과외,봉명동고등수학과외,봉명동고등수학과외,봉명동 고등 수학과외 교과 진도와 취약 부분을 함께 확인하는 학습 기록을 활용하는 방법을 정리합니다,봉명동|고등|수학|과외,봉명동|고등|수학|과외,봉명동|고등|수학|과외,true,정상
region,옥천동,,,고등,과학,false,옥천동 고등 과학과외,옥천동고등과학과외,옥천동고등과학과외,옥천동 고등 과학과외 서술 과정과 답의 근거를 함께 점검하는 학습 기록을 활용하는 방법을 정리합니다,옥천동|고등|과학|과외,옥천동|고등|과학|과외,옥천동|고등|과학|과외,true,정상
region,야동동,,,고등,국어,false,야동동 고등 국어과외,야동동고등국어과외,야동동고등국어과외,야동동 고등 국어과외 국어 독해와 서술형 답안의 학습 방향을 정리합니다 시험 준비을 함께 살펴봅니다,야동동|고등|국어|과외,야동동|고등|국어|과외,야동동|고등|국어|과외,true,정상
region,해운동,,,고등,영수,false,해운동 고등 영수과외,해운동고등영수과외,해운동고등영수과외,해운동 고등 영수과외 교과 진도와 취약 부분을 함께 확인하는 취약 부분을 보완하는 흐름을 알아봅니다,해운동|고등|영수|과외,해운동|고등|영수|과외,해운동|고등|영수|과외,true,정상
region,우현동,,,고등학생,영어,false,우현동 고등학생 영어과외,우현동고등학생영어과외,우현동고등학생영어과외,우현동 고등학생 영어과외 어휘 복습과 독해 문제 접근 기준을 살펴봅니다 학습 방향을 함께 살펴봅니다,우현동|고등학생|영어|과외,우현동|고등학생|영어|과외,우현동|고등학생|영어|과외,true,정상
region,용두동,,,고등학생,수학,false,용두동 고등학생 수학과외,용두동고등학생수학과외,용두동고등학생수학과외,용두동 고등학생 수학과외 교과 진도와 취약 부분을 함께 확인하는 교과 진도에 맞는 계획을 알아봅니다,용두동|고등학생|수학|과외,용두동|고등학생|수학|과외,용두동|고등학생|수학|과외,true,정상
region,수성구,,,고등학생,과학,false,수성구 고등학생 과학과외,수성구고등학생과학과외,수성구고등학생과학과외,수성구 고등학생 과학과외 교과 진도와 취약 부분을 함께 확인하는 매일 실천할 공부 기준을 안내합니다,수성구|고등학생|과학|과외,수성구|고등학생|과학|과외,수성구|고등학생|과학|과외,true,정상
region,부사동,,,고등학생,국어,false,부사동 고등학생 국어과외,부사동고등학생국어과외,부사동고등학생국어과외,부사동 고등학생 국어과외 이해와 적용의 순서를 분명하게 잡는 학습 기록을 활용하는 방법을 정리합니다,부사동|고등학생|국어|과외,부사동|고등학생|국어|과외,부사동|고등학생|국어|과외,true,정상
region,구서동,,,고등학생,영수,false,구서동 고등학생 영수과외,구서동고등학생영수과외,구서동고등학생영수과외,구서동 고등학생 영수과외 서술 과정과 답의 근거를 함께 점검하는 매일 실천할 공부 기준을 안내합니다,구서동|고등학생|영수|과외,구서동|고등학생|영수|과외,구서동|고등학생|영수|과외,true,정상
region,논현동,,,,,true,논현동 내신과외,논현동내신과외,논현동내신과외,논현동 내신과외 교과서와 수행평가를 연결한 내신 준비 흐름을 점검합니다 학습 방향을 함께 살펴봅니다,논현동|내신|과외,논현동|내신|과외,논현동|내신|과외,true,정상
region,고운동,,,,영어,true,고운동 영어 내신과외,고운동영어내신과외,고운동영어내신과외,고운동 영어 내신과외 기초부터 차근차근 점검하는 공부 방향을 살펴봅니다 학습 방향을 함께 살펴봅니다,고운동|영어|내신|과외,고운동|영어|내신|과외,고운동|영어|내신|과외,true,정상
region,화정동,,,,수학,true,화정동 수학 내신과외,화정동수학내신과외,화정동수학내신과외,화정동 수학 내신과외 서술 과정과 답의 근거를 함께 점검하는 학습 기록을 활용하는 방법을 정리합니다,화정동|수학|내신|과외,화정동|수학|내신|과외,화정동|수학|내신|과외,true,정상
region,가정동,,,,과학,true,가정동 과학 내신과외,가정동과학내신과외,가정동과학내신과외,가정동 과학 내신과외 풀이 근거와 판단 순서를 꼼꼼히 살피는 학습 기록을 활용하는 방법을 정리합니다,가정동|과학|내신|과외,가정동|과학|내신|과외,가정동|과학|내신|과외,true,정상
region,순천시,,,,국어,true,순천시 국어 내신과외,순천시국어내신과외,순천시국어내신과외,순천시 국어 내신과외 서술 과정과 답의 근거를 함께 점검하는 학습 기록을 활용하는 방법을 정리합니다,순천시|국어|내신|과외,순천시|국어|내신|과외,순천시|국어|내신|과외,true,정상
region,요촌동,,,,영수,true,요촌동 영수 내신과외,요촌동영수내신과외,요촌동영수내신과외,요촌동 영수 내신과외 집중 시간과 공부 분량을 알맞게 나누는 학습 기록을 활용하는 방법을 정리합니다,요촌동|영수|내신|과외,요촌동|영수|내신|과외,요촌동|영수|내신|과외,true,정상
region,서귀포시일주동,,,중등,,true,서귀포시일주동 중등 내신과외,서귀포시일주동중등내신과외,서귀포시일주동중등내신과외,서귀포시일주동 중등 내신과외 학습 부담을 나누어 꾸준히 이어가는 매일 실천할 공부 기준을 안내합니다,서귀포시일주동|중등|내신|과외,서귀포시일주동|중등|내신|과외,서귀포시일주동|중등|내신|과외,true,정상
region,불당동,,,중학생,,true,불당동 중학생 내신과외,불당동중학생내신과외,불당동중학생내신과외,불당동 중학생 내신과외 서술형과 단원별 복습 순서를 차분하게 정리합니다 학습 방향을 함께 살펴봅니다,불당동|중학생|내신|과외,불당동|중학생|내신|과외,불당동|중학생|내신|과외,true,정상
region,가경동,,,고등,,true,가경동 고등 내신과외,가경동고등내신과외,가경동고등내신과외,가경동 고등 내신과외 풀이 근거와 판단 순서를 꼼꼼히 살피는 학습 기록을 활용하는 방법을 정리합니다,가경동|고등|내신|과외,가경동|고등|내신|과외,가경동|고등|내신|과외,true,정상
region,입암동,,,고등학생,,true,입암동 고등학생 내신과외,입암동고등학생내신과외,입암동고등학생내신과외,입암동 고등학생 내신과외 목표와 실제 공부량을 함께 비교하는 취약 부분을 보완하는 흐름을 알아봅니다,입암동|고등학생|내신|과외,입암동|고등학생|내신|과외,입암동|고등학생|내신|과외,true,정상
region,인창동,,,중등,영어,true,인창동 중등 영어 내신과외,인창동중등영어내신과외,인창동중등영어내신과외,인창동 중등 영어 내신과외 단기 목표와 누적 복습을 함께 배치하는 시험 범위별 우선순위를 확인합니다,인창동|중등|영어|내신|과외,인창동|중등|영어|내신|과외,인창동|중등|영어|내신|과외,true,정상
region,상동,,,중등,수학,true,상동 중등 수학 내신과외,상동중등수학내신과외,상동중등수학내신과외,상동 중등 수학 내신과외 이해와 적용의 순서를 분명하게 잡는 학습 기록을 활용하는 방법을 정리합니다,상동|중등|수학|내신|과외,상동|중등|수학|내신|과외,상동|중등|수학|내신|과외,true,정상
region,봉곡동,,,중등,과학,true,봉곡동 중등 과학 내신과외,봉곡동중등과학내신과외,봉곡동중등과학내신과외,봉곡동 중등 과학 내신과외 오답 관리까지 자연스럽게 연결하는 학습 기록을 활용하는 방법을 정리합니다,봉곡동|중등|과학|내신|과외,봉곡동|중등|과학|내신|과외,봉곡동|중등|과학|내신|과외,true,정상
region,오룡동,,,중등,국어,true,오룡동 중등 국어 내신과외,오룡동중등국어내신과외,오룡동중등국어내신과외,오룡동 중등 국어 내신과외 교과 진도와 취약 부분을 함께 확인하는 시험 범위별 우선순위를 확인합니다,오룡동|중등|국어|내신|과외,오룡동|중등|국어|내신|과외,오룡동|중등|국어|내신|과외,true,정상
region,두류동,,,중등,영수,true,두류동 중등 영수 내신과외,두류동중등영수내신과외,두류동중등영수내신과외,두류동 중등 영수 내신과외 집중 시간과 공부 분량을 알맞게 나누는 시험 범위별 우선순위를 확인합니다,두류동|중등|영수|내신|과외,두류동|중등|영수|내신|과외,두류동|중등|영수|내신|과외,true,정상
region,신탄진동,,,중학생,영어,true,신탄진동 중학생 영어 내신과외,신탄진동중학생영어내신과외,신탄진동중학생영어내신과외,신탄진동 중학생 영어 내신과외 반복 학습의 시점과 방법을 조정하는 시험 범위별 우선순위를 확인합니다,신탄진동|중학생|영어|내신|과외,신탄진동|중학생|영어|내신|과외,신탄진동|중학생|영어|내신|과외,true,정상
region,명장동,,,중학생,수학,true,명장동 중학생 수학 내신과외,명장동중학생수학내신과외,명장동중학생수학내신과외,명장동 중학생 수학 내신과외 과목별 공부 순서를 균형 있게 살펴보는 오답을 줄이는 과정을 살펴봅니다,명장동|중학생|수학|내신|과외,명장동|중학생|수학|내신|과외,명장동|중학생|수학|내신|과외,true,정상
region,상암동,,,중학생,과학,true,상암동 중학생 과학 내신과외,상암동중학생과학내신과외,상암동중학생과학내신과외,상암동 중학생 과학 내신과외 핵심 개념의 연결 관계를 다시 보는 교과 진도에 맞는 계획을 알아봅니다,상암동|중학생|과학|내신|과외,상암동|중학생|과학|내신|과외,상암동|중학생|과학|내신|과외,true,정상
region,어진동,,,중학생,국어,true,어진동 중학생 국어 내신과외,어진동중학생국어내신과외,어진동중학생국어내신과외,어진동 중학생 국어 내신과외 풀이 근거와 판단 순서를 꼼꼼히 살피는 집중과 휴식의 기준을 점검합니다,어진동|중학생|국어|내신|과외,어진동|중학생|국어|내신|과외,어진동|중학생|국어|내신|과외,true,정상
region,효문동,,,중학생,영수,true,효문동 중학생 영수 내신과외,효문동중학생영수내신과외,효문동중학생영수내신과외,효문동 중학생 영수 내신과외 집중 시간과 공부 분량을 알맞게 나누는 오답을 줄이는 과정을 살펴봅니다,효문동|중학생|영수|내신|과외,효문동|중학생|영수|내신|과외,효문동|중학생|영수|내신|과외,true,정상
region,북성동,,,고등,영어,true,북성동 고등 영어 내신과외,북성동고등영어내신과외,북성동고등영어내신과외,북성동 고등 영어 내신과외 질문과 설명 습관을 차분히 기르는 취약 부분을 보완하는 흐름을 알아봅니다,북성동|고등|영어|내신|과외,북성동|고등|영어|내신|과외,북성동|고등|영어|내신|과외,true,정상
region,화순군,,,고등,수학,true,화순군 고등 수학 내신과외,화순군고등수학내신과외,화순군고등수학내신과외,화순군 고등 수학 내신과외 과목별 공부 순서를 균형 있게 살펴보는 시험 범위별 우선순위를 확인합니다,화순군|고등|수학|내신|과외,화순군|고등|수학|내신|과외,화순군|고등|수학|내신|과외,true,정상
region,모현동,,,고등,과학,true,모현동 고등 과학 내신과외,모현동고등과학내신과외,모현동고등과학내신과외,모현동 고등 과학 내신과외 스스로 공부하는 기준을 조금씩 세우는 교과 진도에 맞는 계획을 알아봅니다,모현동|고등|과학|내신|과외,모현동|고등|과학|내신|과외,모현동|고등|과학|내신|과외,true,정상
region,영평동,,,고등,국어,true,영평동 고등 국어 내신과외,영평동고등국어내신과외,영평동고등국어내신과외,영평동 고등 국어 내신과외 매일 이어갈 수 있는 학습 리듬을 만드는 질문과 설명의 과정을 안내합니다,영평동|고등|국어|내신|과외,영평동|고등|국어|내신|과외,영평동|고등|국어|내신|과외,true,정상
region,대천동,,,고등,영수,true,대천동 고등 영수 내신과외,대천동고등영수내신과외,대천동고등영수내신과외,대천동 고등 영수 내신과외 집중 시간과 공부 분량을 알맞게 나누는 시험 범위별 우선순위를 확인합니다,대천동|고등|영수|내신|과외,대천동|고등|영수|내신|과외,대천동|고등|영수|내신|과외,true,정상
region,하소동,,,고등학생,영어,true,하소동 고등학생 영어 내신과외,하소동고등학생영어내신과외,하소동고등학생영어내신과외,하소동 고등학생 영어 내신과외 매일 이어갈 수 있는 학습 리듬을 만드는 내신 준비 방법을 알아봅니다,하소동|고등학생|영어|내신|과외,하소동|고등학생|영어|내신|과외,하소동|고등학생|영어|내신|과외,true,정상
region,영월군,,,고등학생,수학,true,영월군 고등학생 수학 내신과외,영월군고등학생수학내신과외,영월군고등학생수학내신과외,영월군 고등학생 수학 내신과외 과목별 공부 순서를 균형 있게 살펴보는 꾸준한 학습 기준을 알아봅니다,영월군|고등학생|수학|내신|과외,영월군|고등학생|수학|내신|과외,영월군|고등학생|수학|내신|과외,true,정상
region,월곶동,,,고등학생,과학,true,월곶동 고등학생 과학 내신과외,월곶동고등학생과학내신과외,월곶동고등학생과학내신과외,월곶동 고등학생 과학 내신과외 복습 주기와 학습량을 함께 조절하는 시험 범위별 우선순위를 확인합니다,월곶동|고등학생|과학|내신|과외,월곶동|고등학생|과학|내신|과외,월곶동|고등학생|과학|내신|과외,true,정상
region,낙동,,,고등학생,국어,true,낙동 고등학생 국어 내신과외,낙동고등학생국어내신과외,낙동고등학생국어내신과외,낙동 고등학생 국어 내신과외 핵심 개념의 연결 관계를 다시 보는 교과 진도에 맞는 계획을 알아봅니다,낙동|고등학생|국어|내신|과외,낙동|고등학생|국어|내신|과외,낙동|고등학생|국어|내신|과외,true,정상
region,청송중학교부동,,,고등학생,영수,true,청송중학교부동 고등학생 영수 내신과외,청송중학교부동고등학생영수내신과외,청송중학교부동고등학생영수내신과외,청송중학교부동 고등학생 영수 내신과외 복습 주기와 학습량을 함께 조절하는 과목별 접근법을 안내합니다,청송중학교부동|고등학생|영수|내신|과외,청송중학교부동|고등학생|영수|내신|과외,청송중학교부동|고등학생|영수|내신|과외,true,정상
region,본촌동,,,,,false,본촌동과외,본촌동과외,본촌동과외,본촌동과외 오답을 줄이는 과정을 살펴봅니다 학습 방향을 함께 살펴봅니다 시험 준비을 함께 살펴봅니다,본촌동|과외,본촌동|과외,본촌동|과외,true,정상
region,서호동,,,,영어,false,서호동 영어과외,서호동영어과외,서호동영어과외,서호동 영어과외 과목별 접근법을 안내합니다 학습 방향을 함께 살펴봅니다 시험 준비을 함께 살펴봅니다,서호동|영어|과외,서호동|영어|과외,서호동|영어|과외,true,정상
region,대덕구,,,,수학,false,대덕구 수학과외,대덕구수학과외,대덕구수학과외,대덕구 수학과외 학습 습관을 현실적으로 조정하는 학습 기준을 정리합니다 학습 방향을 함께 살펴봅니다,대덕구|수학|과외,대덕구|수학|과외,대덕구|수학|과외,true,정상
region,용호동,,,,과학,false,용호동 과학과외,용호동과학과외,용호동과학과외,용호동 과학과외 과목별 접근법을 안내합니다 학습 방향을 함께 살펴봅니다 시험 준비을 함께 살펴봅니다,용호동|과학|과외,용호동|과학|과외,용호동|과학|과외,true,정상
region,암사동,,,,국어,false,암사동 국어과외,암사동국어과외,암사동국어과외,암사동 국어과외 과목별 접근법을 안내합니다 학습 방향을 함께 살펴봅니다 시험 준비을 함께 살펴봅니다,암사동|국어|과외,암사동|국어|과외,암사동|국어|과외,true,정상
region,종촌동,,,,영수,false,종촌동 영수과외,종촌동영수과외,종촌동영수과외,종촌동 영수과외 과목별 접근법을 안내합니다 학습 방향을 함께 살펴봅니다 시험 준비을 함께 살펴봅니다,종촌동|영수|과외,종촌동|영수|과외,종촌동|영수|과외,true,정상
region,연암동,,,초등,,false,연암동 초등과외,연암동초등과외,연암동초등과외,연암동 초등과외 과목별 접근법을 안내합니다 학습 방향을 함께 살펴봅니다 시험 준비을 함께 살펴봅니다,연암동|초등|과외,연암동|초등|과외,연암동|초등|과외,true,정상
region,효성동,,,초등학생,,false,효성동 초등학생과외,효성동초등학생과외,효성동초등학생과외,효성동 초등학생과외 학습 기준을 정리합니다 학습 방향을 함께 살펴봅니다 시험 준비을 함께 살펴봅니다,효성동|초등학생|과외,효성동|초등학생|과외,효성동|초등학생|과외,true,정상
region,군동,,,중등,,false,군동 중등과외,군동중등과외,군동중등과외,군동 중등과외 주간 학습 흐름을 확인합니다 학습 방향을 함께 살펴봅니다 시험 준비을 함께 살펴봅니다,군동|중등|과외,군동|중등|과외,군동|중등|과외,true,정상
region,전주시교동,,,중학생,,false,전주시교동 중학생과외,전주시교동중학생과외,전주시교동중학생과외,전주시교동 중학생과외 단기 목표와 누적 복습을 함께 배치하는 취약 부분을 보완하는 흐름을 알아봅니다,전주시교동|중학생|과외,전주시교동|중학생|과외,전주시교동|중학생|과외,true,정상
region,서귀포시,,,고등,,false,서귀포시 고등과외,서귀포시고등과외,서귀포시고등과외,서귀포시 고등과외 복습 계획을 구체화합니다 학습 방향을 함께 살펴봅니다 시험 준비을 함께 살펴봅니다,서귀포시|고등|과외,서귀포시|고등|과외,서귀포시|고등|과외,true,정상
region,두정동,,,고등학생,,false,두정동 고등학생과외,두정동고등학생과외,두정동고등학생과외,두정동 고등학생과외 학습 기준을 정리합니다 학습 방향을 함께 살펴봅니다 시험 준비을 함께 살펴봅니다,두정동|고등학생|과외,두정동|고등학생|과외,두정동|고등학생|과외,true,정상
region,제천시평동,,,초등,영어,false,제천시평동 초등 영어과외,제천시평동초등영어과외,제천시평동초등영어과외,제천시평동 초등 영어과외 어휘 복습과 독해 문제 접근 기준을 살펴봅니다 학습 방향을 함께 살펴봅니다,제천시평동|초등|영어|과외,제천시평동|초등|영어|과외,제천시평동|초등|영어|과외,true,정상
region,남동,,,초등,수학,false,남동 초등 수학과외,남동초등수학과외,남동초등수학과외,남동 초등 수학과외 학습 기준을 정리합니다 학습 방향을 함께 살펴봅니다 시험 준비을 함께 살펴봅니다,남동|초등|수학|과외,남동|초등|수학|과외,남동|초등|수학|과외,true,정상
region,경안동,,,초등,과학,false,경안동 초등 과학과외,경안동초등과학과외,경안동초등과학과외,경안동 초등 과학과외 과목별 공부 순서를 균형 있게 살펴보는 취약 부분을 보완하는 흐름을 알아봅니다,경안동|초등|과학|과외,경안동|초등|과학|과외,경안동|초등|과학|과외,true,정상
region,신성동,,,초등,국어,false,신성동 초등 국어과외,신성동초등국어과외,신성동초등국어과외,신성동 초등 국어과외 국어 독해와 서술형 답안의 학습 방향을 정리합니다 시험 준비을 함께 살펴봅니다,신성동|초등|국어|과외,신성동|초등|국어|과외,신성동|초등|국어|과외,true,정상
region,모전동,,,초등,영수,false,모전동 초등 영수과외,모전동초등영수과외,모전동초등영수과외,모전동 초등 영수과외 풀이 근거와 판단 순서를 꼼꼼히 살피는 학습 기록을 활용하는 방법을 정리합니다,모전동|초등|영수|과외,모전동|초등|영수|과외,모전동|초등|영수|과외,true,정상
region,문흥동,,,초등학생,영어,false,문흥동 초등학생 영어과외,문흥동초등학생영어과외,문흥동초등학생영어과외,문흥동 초등학생 영어과외 어휘 복습과 독해 문제 접근 기준을 살펴봅니다 학습 방향을 함께 살펴봅니다,문흥동|초등학생|영어|과외,문흥동|초등학생|영어|과외,문흥동|초등학생|영어|과외,true,정상
region,남구,,,초등학생,수학,false,남구 초등학생 수학과외,남구초등학생수학과외,남구초등학생수학과외,남구 초등학생 수학과외 계산 과정과 오답 관리의 학습 기준을 정리합니다 학습 방향을 함께 살펴봅니다,남구|초등학생|수학|과외,남구|초등학생|수학|과외,남구|초등학생|수학|과외,true,정상
region,변동,,,초등학생,과학,false,변동 초등학생 과학과외,변동초등학생과학과외,변동초등학생과학과외,변동 초등학생 과학과외 개념 이해와 탐구 자료 해석 방향을 정리합니다 학습 방향을 함께 살펴봅니다,변동|초등학생|과학|과외,변동|초등학생|과학|과외,변동|초등학생|과학|과외,true,정상
region,구포동,,,초등학생,국어,false,구포동 초등학생 국어과외,구포동초등학생국어과외,구포동초등학생국어과외,구포동 초등학생 국어과외 복습 주기와 학습량을 함께 조절하는 취약 부분을 보완하는 흐름을 알아봅니다,구포동|초등학생|국어|과외,구포동|초등학생|국어|과외,구포동|초등학생|국어|과외,true,정상
region,거여동,,,초등학생,영수,false,거여동 초등학생 영수과외,거여동초등학생영수과외,거여동초등학생영수과외,거여동 초등학생 영수과외 시험 범위와 우선순위를 미리 정하는 학습 기록을 활용하는 방법을 정리합니다,거여동|초등학생|영수|과외,거여동|초등학생|영수|과외,거여동|초등학생|영수|과외,true,정상
region,아름동,,,중등,영어,false,아름동 중등 영어과외,아름동중등영어과외,아름동중등영어과외,아름동 중등 영어과외 풀이 근거와 판단 순서를 꼼꼼히 살피는 학습 기록을 활용하는 방법을 정리합니다,아름동|중등|영어|과외,아름동|중등|영어|과외,아름동|중등|영어|과외,true,정상
region,일산동,,,중등,수학,false,일산동 중등 수학과외,일산동중등수학과외,일산동중등수학과외,일산동 중등 수학과외 풀이 근거와 판단 순서를 꼼꼼히 살피는 학습 기록을 활용하는 방법을 정리합니다,일산동|중등|수학|과외,일산동|중등|수학|과외,일산동|중등|수학|과외,true,정상
region,청학동,,,중등,과학,false,청학동 중등 과학과외,청학동중등과학과외,청학동중등과학과외,청학동 중등 과학과외 단기 목표와 누적 복습을 함께 배치하는 취약 부분을 보완하는 흐름을 알아봅니다,청학동|중등|과학|과외,청학동|중등|과학|과외,청학동|중등|과학|과외,true,정상
region,산정동,,,중등,국어,false,산정동 중등 국어과외,산정동중등국어과외,산정동중등국어과외,산정동 중등 국어과외 국어 독해와 서술형 답안의 학습 방향을 정리합니다 시험 준비을 함께 살펴봅니다,산정동|중등|국어|과외,산정동|중등|국어|과외,산정동|중등|국어|과외,true,정상
region,덕진동,,,중등,영수,false,덕진동 중등 영수과외,덕진동중등영수과외,덕진동중등영수과외,덕진동 중등 영수과외 기초부터 차근차근 점검하는 학습 기준을 정리합니다 학습 방향을 함께 살펴봅니다,덕진동|중등|영수|과외,덕진동|중등|영수|과외,덕진동|중등|영수|과외,true,정상
region,노형동,,,중학생,영어,false,노형동 중학생 영어과외,노형동중학생영어과외,노형동중학생영어과외,노형동 중학생 영어과외 영어 독해와 문장 해석의 학습 방향을 정리합니다 시험 준비을 함께 살펴봅니다,노형동|중학생|영어|과외,노형동|중학생|영어|과외,노형동|중학생|영어|과외,true,정상
region,청당동,,,중학생,수학,false,청당동 중학생 수학과외,청당동중학생수학과외,청당동중학생수학과외,청당동 중학생 수학과외 계산 과정과 오답 관리의 학습 기준을 정리합니다 학습 방향을 함께 살펴봅니다,청당동|중학생|수학|과외,청당동|중학생|수학|과외,청당동|중학생|수학|과외,true,정상
region,산남동,,,중학생,과학,false,산남동 중학생 과학과외,산남동중학생과학과외,산남동중학생과학과외,산남동 중학생 과학과외 교과 내용을 자신의 말로 설명해 보는 학습 기록을 활용하는 방법을 정리합니다,산남동|중학생|과학|과외,산남동|중학생|과학|과외,산남동|중학생|과학|과외,true,정상
region,정선군,,,중학생,국어,false,정선군 중학생 국어과외,정선군중학생국어과외,정선군중학생국어과외,정선군 중학생 국어과외 지문 이해와 답의 근거를 찾는 과정을 살펴봅니다 학습 방향을 함께 살펴봅니다,정선군|중학생|국어|과외,정선군|중학생|국어|과외,정선군|중학생|국어|과외,true,정상
region,덕정동,,,중학생,영수,false,덕정동 중학생 영수과외,덕정동중학생영수과외,덕정동중학생영수과외,덕정동 중학생 영수과외 영수 학습의 균형과 오답 관리 흐름을 살펴봅니다 학습 방향을 함께 살펴봅니다,덕정동|중학생|영수|과외,덕정동|중학생|영수|과외,덕정동|중학생|영수|과외,true,정상
region,회원동,,,고등,영어,false,회원동 고등 영어과외,회원동고등영어과외,회원동고등영어과외,회원동 고등 영어과외 서술 과정과 답의 근거를 함께 점검하는 취약 부분을 보완하는 흐름을 알아봅니다,회원동|고등|영어|과외,회원동|고등|영어|과외,회원동|고등|영어|과외,true,정상
region,신평동,,,고등,수학,false,신평동 고등 수학과외,신평동고등수학과외,신평동고등수학과외,신평동 고등 수학과외 집중 시간과 공부 분량을 알맞게 나누는 취약 부분을 보완하는 흐름을 알아봅니다,신평동|고등|수학|과외,신평동|고등|수학|과외,신평동|고등|수학|과외,true,정상
region,소태동,,,고등,과학,false,소태동 고등 과학과외,소태동고등과학과외,소태동고등과학과외,소태동 고등 과학과외 과목별 공부 순서를 균형 있게 살펴보는 학습 기록을 활용하는 방법을 정리합니다,소태동|고등|과학|과외,소태동|고등|과학|과외,소태동|고등|과학|과외,true,정상
region,원대동,,,고등,국어,false,원대동 고등 국어과외,원대동고등국어과외,원대동고등국어과외,원대동 고등 국어과외 기초부터 차근차근 점검하는 공부 방향을 살펴봅니다 학습 방향을 함께 살펴봅니다,원대동|고등|국어|과외,원대동|고등|국어|과외,원대동|고등|국어|과외,true,정상
region,석교동,,,고등,영수,false,석교동 고등 영수과외,석교동고등영수과외,석교동고등영수과외,석교동 고등 영수과외 과목별 공부 순서를 균형 있게 살펴보는 학습 기록을 활용하는 방법을 정리합니다,석교동|고등|영수|과외,석교동|고등|영수|과외,석교동|고등|영수|과외,true,정상
region,다대동,,,고등학생,영어,false,다대동 고등학생 영어과외,다대동고등학생영어과외,다대동고등학생영어과외,다대동 고등학생 영어과외 어휘 복습과 독해 문제 접근 기준을 살펴봅니다 학습 방향을 함께 살펴봅니다,다대동|고등학생|영어|과외,다대동|고등학생|영어|과외,다대동|고등학생|영어|과외,true,정상
region,수서동,,,고등학생,수학,false,수서동 고등학생 수학과외,수서동고등학생수학과외,수서동고등학생수학과외,수서동 고등학생 수학과외 반복 학습의 시점과 방법을 조정하는 학습 기록을 활용하는 방법을 정리합니다,수서동|고등학생|수학|과외,수서동|고등학생|수학|과외,수서동|고등학생|수학|과외,true,정상
region,산울동,,,고등학생,과학,false,산울동 고등학생 과학과외,산울동고등학생과학과외,산울동고등학생과학과외,산울동 고등학생 과학과외 개념 이해와 탐구 자료 해석 방향을 정리합니다 학습 방향을 함께 살펴봅니다,산울동|고등학생|과학|과외,산울동|고등학생|과학|과외,산울동|고등학생|과학|과외,true,정상
region,다운동,,,고등학생,국어,false,다운동 고등학생 국어과외,다운동고등학생국어과외,다운동고등학생국어과외,다운동 고등학생 국어과외 복습 주기와 학습량을 함께 조절하는 학습 기록을 활용하는 방법을 정리합니다,다운동|고등학생|국어|과외,다운동|고등학생|국어|과외,다운동|고등학생|국어|과외,true,정상
region,삼산동,,,고등학생,영수,false,삼산동 고등학생 영수과외,삼산동고등학생영수과외,삼산동고등학생영수과외,삼산동 고등학생 영수과외 과목 특성에 맞는 복습 방법을 찾는 취약 부분을 보완하는 흐름을 알아봅니다,삼산동|고등학생|영수|과외,삼산동|고등학생|영수|과외,삼산동|고등학생|영수|과외,true,정상
region,영산동,,,,,true,영산동 내신과외,영산동내신과외,영산동내신과외,영산동 내신과외 교과서와 수행평가를 연결한 내신 준비 흐름을 점검합니다 학습 방향을 함께 살펴봅니다,영산동|내신|과외,영산동|내신|과외,영산동|내신|과외,true,정상
region,조촌동,,,,영어,true,조촌동 영어 내신과외,조촌동영어내신과외,조촌동영어내신과외,조촌동 영어 내신과외 교과 진도와 취약 부분을 함께 확인하는 취약 부분을 보완하는 흐름을 알아봅니다,조촌동|영어|내신|과외,조촌동|영어|내신|과외,조촌동|영어|내신|과외,true,정상
region,월평동,,,,수학,true,월평동 수학 내신과외,월평동수학내신과외,월평동수학내신과외,월평동 수학 내신과외 기초부터 차근차근 점검하는 학습 기준을 정리합니다 학습 방향을 함께 살펴봅니다,월평동|수학|내신|과외,월평동|수학|내신|과외,월평동|수학|내신|과외,true,정상
region,반죽동,,,,과학,true,반죽동 과학 내신과외,반죽동과학내신과외,반죽동과학내신과외,반죽동 과학 내신과외 기초부터 차근차근 점검하는 학습 기준을 정리합니다 학습 방향을 함께 살펴봅니다,반죽동|과학|내신|과외,반죽동|과학|내신|과외,반죽동|과학|내신|과외,true,정상
region,관동,,,,국어,true,관동 국어 내신과외,관동국어내신과외,관동국어내신과외,관동 국어 내신과외 시험 범위와 오답 관리 기준을 구체적으로 살펴봅니다 학습 방향을 함께 살펴봅니다,관동|국어|내신|과외,관동|국어|내신|과외,관동|국어|내신|과외,true,정상
region,단구동,,,,영수,true,단구동 영수 내신과외,단구동영수내신과외,단구동영수내신과외,단구동 영수 내신과외 집중 시간과 공부 분량을 알맞게 나누는 학습 기록을 활용하는 방법을 정리합니다,단구동|영수|내신|과외,단구동|영수|내신|과외,단구동|영수|내신|과외,true,정상
school,,유봉여자중학교,중학교,,,false,유봉여자중학교과외,유봉여자중학교과외,유봉여자중학교과외,유봉여자중학교과외 복습 계획을 구체화합니다 학습 방향을 함께 살펴봅니다 시험 준비을 함께 살펴봅니다,유봉여자중학교|과외,유봉여자중학교|과외,유봉여자중학교|과외,true,정상
school,,임곡중학교,중학교,,영어,false,임곡중학교 영어과외,임곡중학교영어과외,임곡중학교영어과외,임곡중학교 영어과외 학습 기준을 정리합니다 학습 방향을 함께 살펴봅니다 시험 준비을 함께 살펴봅니다,임곡중학교|영어|과외,임곡중학교|영어|과외,임곡중학교|영어|과외,true,정상
school,,도계중학교,중학교,,수학,false,도계중학교 수학과외,도계중학교수학과외,도계중학교수학과외,도계중학교 수학과외 공부 방향을 살펴봅니다 학습 방향을 함께 살펴봅니다 시험 준비을 함께 살펴봅니다,도계중학교|수학|과외,도계중학교|수학|과외,도계중학교|수학|과외,true,정상
school,,상모중학교,중학교,,과학,false,상모중학교 과학과외,상모중학교과학과외,상모중학교과학과외,상모중학교 과학과외 공부 방향을 살펴봅니다 학습 방향을 함께 살펴봅니다 시험 준비을 함께 살펴봅니다,상모중학교|과학|과외,상모중학교|과학|과외,상모중학교|과학|과외,true,정상
school,,광산중학교,중학교,,국어,false,광산중학교 국어과외,광산중학교국어과외,광산중학교국어과외,광산중학교 국어과외 공부 방향을 살펴봅니다 학습 방향을 함께 살펴봅니다 시험 준비을 함께 살펴봅니다,광산중학교|국어|과외,광산중학교|국어|과외,광산중학교|국어|과외,true,정상
school,,대곡중학교,중학교,,영수,false,대곡중학교 영수과외,대곡중학교영수과외,대곡중학교영수과외,대곡중학교 영수과외 학습 기준을 정리합니다 학습 방향을 함께 살펴봅니다 시험 준비을 함께 살펴봅니다,대곡중학교|영수|과외,대곡중학교|영수|과외,대곡중학교|영수|과외,true,정상
school,,대전경덕중학교,중학교,중등,,false,대전경덕중학교 중등과외,대전경덕중학교중등과외,대전경덕중학교중등과외,대전경덕중학교 중등과외 스스로 공부하는 기준을 조금씩 세우는 학습 기록을 활용하는 방법을 정리합니다,대전경덕중학교|중등|과외,대전경덕중학교|중등|과외,대전경덕중학교|중등|과외,true,정상
school,,광무여자중학교,중학교,중학생,,false,광무여자중학교 중학생과외,광무여자중학교중학생과외,광무여자중학교중학생과외,광무여자중학교 중학생과외 학습 부담을 나누어 꾸준히 이어가는 학습 기록을 활용하는 방법을 정리합니다,광무여자중학교|중학생|과외,광무여자중학교|중학생|과외,광무여자중학교|중학생|과외,true,정상
school,,오륜중학교,중학교,중등,영어,false,오륜중학교 중등 영어과외,오륜중학교중등영어과외,오륜중학교중등영어과외,오륜중학교 중등 영어과외 어휘 복습과 독해 문제 접근 기준을 살펴봅니다 학습 방향을 함께 살펴봅니다,오륜중학교|중등|영어|과외,오륜중학교|중등|영어|과외,오륜중학교|중등|영어|과외,true,정상
school,,한솔중학교,중학교,중등,수학,false,한솔중학교 중등 수학과외,한솔중학교중등수학과외,한솔중학교중등수학과외,한솔중학교 중등 수학과외 반복 학습의 시점과 방법을 조정하는 학습 기록을 활용하는 방법을 정리합니다,한솔중학교|중등|수학|과외,한솔중학교|중등|수학|과외,한솔중학교|중등|수학|과외,true,정상
school,,약사중학교,중학교,중등,과학,false,약사중학교 중등 과학과외,약사중학교중등과학과외,약사중학교중등과학과외,약사중학교 중등 과학과외 개념 이해와 탐구 자료 해석 방향을 정리합니다 학습 방향을 함께 살펴봅니다,약사중학교|중등|과학|과외,약사중학교|중등|과학|과외,약사중학교|중등|과학|과외,true,정상
school,,원당중학교,중학교,중등,국어,false,원당중학교 중등 국어과외,원당중학교중등국어과외,원당중학교중등국어과외,원당중학교 중등 국어과외 과목별 공부 순서를 균형 있게 살펴보는 매일 실천할 공부 기준을 안내합니다,원당중학교|중등|국어|과외,원당중학교|중등|국어|과외,원당중학교|중등|국어|과외,true,정상
school,,목포청호중학교,중학교,중등,영수,false,목포청호중학교 중등 영수과외,목포청호중학교중등영수과외,목포청호중학교중등영수과외,목포청호중학교 중등 영수과외 학습 부담을 나누어 꾸준히 이어가는 매일 실천할 공부 기준을 안내합니다,목포청호중학교|중등|영수|과외,목포청호중학교|중등|영수|과외,목포청호중학교|중등|영수|과외,true,정상
school,,봉서중학교,중학교,중학생,영어,false,봉서중학교 중학생 영어과외,봉서중학교중학생영어과외,봉서중학교중학생영어과외,봉서중학교 중학생 영어과외 집중 시간과 공부 분량을 알맞게 나누는 시험 범위별 우선순위를 확인합니다,봉서중학교|중학생|영어|과외,봉서중학교|중학생|영어|과외,봉서중학교|중학생|영어|과외,true,정상
school,,효돈중학교,중학교,중학생,수학,false,효돈중학교 중학생 수학과외,효돈중학교중학생수학과외,효돈중학교중학생수학과외,효돈중학교 중학생 수학과외 수학 개념 이해와 문제풀이 순서를 점검합니다 학습 방향을 함께 살펴봅니다,효돈중학교|중학생|수학|과외,효돈중학교|중학생|수학|과외,효돈중학교|중학생|수학|과외,true,정상
school,,공주여자중학교,중학교,중학생,과학,false,공주여자중학교 중학생 과학과외,공주여자중학교중학생과학과외,공주여자중학교중학생과학과외,공주여자중학교 중학생 과학과외 반복 학습의 시점과 방법을 조정하는 시험 범위별 우선순위를 확인합니다,공주여자중학교|중학생|과학|과외,공주여자중학교|중학생|과학|과외,공주여자중학교|중학생|과학|과외,true,정상
school,,청운중학교,중학교,중학생,국어,false,청운중학교 중학생 국어과외,청운중학교중학생국어과외,청운중학교중학생국어과외,청운중학교 중학생 국어과외 오답 관리까지 자연스럽게 연결하는 학습 기록을 활용하는 방법을 정리합니다,청운중학교|중학생|국어|과외,청운중학교|중학생|국어|과외,청운중학교|중학생|국어|과외,true,정상
school,,함백중학교,중학교,중학생,영수,false,함백중학교 중학생 영수과외,함백중학교중학생영수과외,함백중학교중학생영수과외,함백중학교 중학생 영수과외 주간 계획과 실천 결과를 비교하는 학습 기록을 활용하는 방법을 정리합니다,함백중학교|중학생|영수|과외,함백중학교|중학생|영수|과외,함백중학교|중학생|영수|과외,true,정상
school,,장기중학교,중학교,,,true,장기중학교 내신과외,장기중학교내신과외,장기중학교내신과외,장기중학교 내신과외 시험 범위와 오답 관리 기준을 구체적으로 살펴봅니다 학습 방향을 함께 살펴봅니다,장기중학교|내신|과외,장기중학교|내신|과외,장기중학교|내신|과외,true,정상
school,,활천중학교,중학교,,영어,true,활천중학교 영어 내신과외,활천중학교영어내신과외,활천중학교영어내신과외,활천중학교 영어 내신과외 학습 부담을 나누어 꾸준히 이어가는 취약 부분을 보완하는 흐름을 알아봅니다,활천중학교|영어|내신|과외,활천중학교|영어|내신|과외,활천중학교|영어|내신|과외,true,정상
school,,오상중학교,중학교,,수학,true,오상중학교 수학 내신과외,오상중학교수학내신과외,오상중학교수학내신과외,오상중학교 수학 내신과외 과목별 공부 순서를 균형 있게 살펴보는 교과 진도에 맞는 계획을 알아봅니다,오상중학교|수학|내신|과외,오상중학교|수학|내신|과외,오상중학교|수학|내신|과외,true,정상
school,,광주체육중학교,중학교,,과학,true,광주체육중학교 과학 내신과외,광주체육중학교과학내신과외,광주체육중학교과학내신과외,광주체육중학교 과학 내신과외 취약한 부분을 기록하며 보완하는 취약 부분을 보완하는 흐름을 알아봅니다,광주체육중학교|과학|내신|과외,광주체육중학교|과학|내신|과외,광주체육중학교|과학|내신|과외,true,정상
school,,대구북중학교,중학교,,국어,true,대구북중학교 국어 내신과외,대구북중학교국어내신과외,대구북중학교국어내신과외,대구북중학교 국어 내신과외 오답 관리까지 자연스럽게 연결하는 취약 부분을 보완하는 흐름을 알아봅니다,대구북중학교|국어|내신|과외,대구북중학교|국어|내신|과외,대구북중학교|국어|내신|과외,true,정상
school,,대전원신흥중학교,중학교,,영수,true,대전원신흥중학교 영수 내신과외,대전원신흥중학교영수내신과외,대전원신흥중학교영수내신과외,대전원신흥중학교 영수 내신과외 서술 과정과 답의 근거를 함께 점검하는 꾸준한 학습 기준을 알아봅니다,대전원신흥중학교|영수|내신|과외,대전원신흥중학교|영수|내신|과외,대전원신흥중학교|영수|내신|과외,true,정상
school,,동아중학교,중학교,중등,,true,동아중학교 중등 내신과외,동아중학교중등내신과외,동아중학교중등내신과외,동아중학교 중등 내신과외 집중 시간과 공부 분량을 알맞게 나누는 교과 진도에 맞는 계획을 알아봅니다,동아중학교|중등|내신|과외,동아중학교|중등|내신|과외,동아중학교|중등|내신|과외,true,정상
school,,휘문중학교,중학교,중학생,,true,휘문중학교 중학생 내신과외,휘문중학교중학생내신과외,휘문중학교중학생내신과외,휘문중학교 중학생 내신과외 매일 이어갈 수 있는 학습 리듬을 만드는 집중과 휴식의 기준을 점검합니다,휘문중학교|중학생|내신|과외,휘문중학교|중학생|내신|과외,휘문중학교|중학생|내신|과외,true,정상
school,,새움중학교,중학교,중등,영어,true,새움중학교 중등 영어 내신과외,새움중학교중등영어내신과외,새움중학교중등영어내신과외,새움중학교 중등 영어 내신과외 스스로 공부하는 기준을 조금씩 세우는 집중과 휴식의 기준을 점검합니다,새움중학교|중등|영어|내신|과외,새움중학교|중등|영어|내신|과외,새움중학교|중등|영어|내신|과외,true,정상
school,,신정중학교,중학교,중등,수학,true,신정중학교 중등 수학 내신과외,신정중학교중등수학내신과외,신정중학교중등수학내신과외,신정중학교 중등 수학 내신과외 단기 목표와 누적 복습을 함께 배치하는 문제 해결의 순서를 정리합니다,신정중학교|중등|수학|내신|과외,신정중학교|중등|수학|내신|과외,신정중학교|중등|수학|내신|과외,true,정상
school,,남인천여자중학교,중학교,중등,과학,true,남인천여자중학교 중등 과학 내신과외,남인천여자중학교중등과학내신과외,남인천여자중학교중등과학내신과외,남인천여자중학교 중등 과학 내신과외 교과 진도에 맞는 계획을 알아봅니다 학습 방향을 함께 살펴봅니다,남인천여자중학교|중등|과학|내신|과외,남인천여자중학교|중등|과학|내신|과외,남인천여자중학교|중등|과학|내신|과외,true,정상
school,,충덕중학교,중학교,중등,국어,true,충덕중학교 중등 국어 내신과외,충덕중학교중등국어내신과외,충덕중학교중등국어내신과외,충덕중학교 중등 국어 내신과외 오답 관리까지 자연스럽게 연결하는 매일 실천할 공부 기준을 안내합니다,충덕중학교|중등|국어|내신|과외,충덕중학교|중등|국어|내신|과외,충덕중학교|중등|국어|내신|과외,true,정상
school,,낭주중학교,중학교,중등,영수,true,낭주중학교 중등 영수 내신과외,낭주중학교중등영수내신과외,낭주중학교중등영수내신과외,낭주중학교 중등 영수 내신과외 풀이 근거와 판단 순서를 꼼꼼히 살피는 꾸준한 학습 기준을 알아봅니다,낭주중학교|중등|영수|내신|과외,낭주중학교|중등|영수|내신|과외,낭주중학교|중등|영수|내신|과외,true,정상
school,,남주중학교,중학교,중학생,영어,true,남주중학교 중학생 영어 내신과외,남주중학교중학생영어내신과외,남주중학교중학생영어내신과외,남주중학교 중학생 영어 내신과외 학습 습관을 현실적으로 조정하는 교과 진도에 맞는 계획을 알아봅니다,남주중학교|중학생|영어|내신|과외,남주중학교|중학생|영어|내신|과외,남주중학교|중학생|영어|내신|과외,true,정상
school,,봉황중학교,중학교,중학생,수학,true,봉황중학교 중학생 수학 내신과외,봉황중학교중학생수학내신과외,봉황중학교중학생수학내신과외,봉황중학교 중학생 수학 내신과외 학습 기록을 활용하는 방법을 정리합니다 학습 방향을 함께 살펴봅니다,봉황중학교|중학생|수학|내신|과외,봉황중학교|중학생|수학|내신|과외,봉황중학교|중학생|수학|내신|과외,true,정상
school,,복대중학교,중학교,중학생,과학,true,복대중학교 중학생 과학 내신과외,복대중학교중학생과학내신과외,복대중학교중학생과학내신과외,복대중학교 중학생 과학 내신과외 교과 진도와 취약 부분을 함께 확인하는 시험 대비 흐름을 점검합니다,복대중학교|중학생|과학|내신|과외,복대중학교|중학생|과학|내신|과외,복대중학교|중학생|과학|내신|과외,true,정상
school,,남춘천중학교,중학교,중학생,국어,true,남춘천중학교 중학생 국어 내신과외,남춘천중학교중학생국어내신과외,남춘천중학교중학생국어내신과외,남춘천중학교 중학생 국어 내신과외 기초부터 차근차근 점검하는 취약 부분을 보완하는 흐름을 알아봅니다,남춘천중학교|중학생|국어|내신|과외,남춘천중학교|중학생|국어|내신|과외,남춘천중학교|중학생|국어|내신|과외,true,정상
school,,도촌중학교,중학교,중학생,영수,true,도촌중학교 중학생 영수 내신과외,도촌중학교중학생영수내신과외,도촌중학교중학생영수내신과외,도촌중학교 중학생 영수 내신과외 학습 부담을 나누어 꾸준히 이어가는 집중과 휴식의 기준을 점검합니다,도촌중학교|중학생|영수|내신|과외,도촌중학교|중학생|영수|내신|과외,도촌중학교|중학생|영수|내신|과외,true,정상
school,,마산무학여자중학교,중학교,,,false,마산무학여자중학교과외,마산무학여자중학교과외,마산무학여자중학교과외,마산무학여자중학교과외 기초부터 차근차근 점검하는 학습 기준을 정리합니다 학습 방향을 함께 살펴봅니다,마산무학여자중학교|과외,마산무학여자중학교|과외,마산무학여자중학교|과외,true,정상
school,,포항이동중학교,중학교,,영어,false,포항이동중학교 영어과외,포항이동중학교영어과외,포항이동중학교영어과외,포항이동중학교 영어과외 영어 독해와 문장 해석의 학습 방향을 정리합니다 시험 준비을 함께 살펴봅니다,포항이동중학교|영어|과외,포항이동중학교|영어|과외,포항이동중학교|영어|과외,true,정상
school,,지산중학교,중학교,,수학,false,지산중학교 수학과외,지산중학교수학과외,지산중학교수학과외,지산중학교 수학과외 공부 방향을 살펴봅니다 학습 방향을 함께 살펴봅니다 시험 준비을 함께 살펴봅니다,지산중학교|수학|과외,지산중학교|수학|과외,지산중학교|수학|과외,true,정상
school,,구남중학교,중학교,,과학,false,구남중학교 과학과외,구남중학교과학과외,구남중학교과학과외,구남중학교 과학과외 공부 방향을 살펴봅니다 학습 방향을 함께 살펴봅니다 시험 준비을 함께 살펴봅니다,구남중학교|과학|과외,구남중학교|과학|과외,구남중학교|과학|과외,true,정상
school,,삼척여자고등학교,고등학교,,국어,false,삼척여자고등학교 국어과외,삼척여자고등학교국어과외,삼척여자고등학교국어과외,삼척여자고등학교 국어과외 매일 이어갈 수 있는 학습 리듬을 만드는 시험 범위별 우선순위를 확인합니다,삼척여자고등학교|국어|과외,삼척여자고등학교|국어|과외,삼척여자고등학교|국어|과외,true,정상
school,,광명북고등학교,고등학교,,영수,false,광명북고등학교 영수과외,광명북고등학교영수과외,광명북고등학교영수과외,광명북고등학교 영수과외 과목별 복습과 시험 일정 관리 기준을 정리합니다 학습 방향을 함께 살펴봅니다,광명북고등학교|영수|과외,광명북고등학교|영수|과외,광명북고등학교|영수|과외,true,정상
school,,한일여자고등학교,고등학교,고등,,false,한일여자고등학교 고등과외,한일여자고등학교고등과외,한일여자고등학교고등과외,한일여자고등학교 고등과외 반복 학습의 시점과 방법을 조정하는 학습 기록을 활용하는 방법을 정리합니다,한일여자고등학교|고등|과외,한일여자고등학교|고등|과외,한일여자고등학교|고등|과외,true,정상
school,,두호고등학교,고등학교,고등학생,,false,두호고등학교 고등학생과외,두호고등학교고등학생과외,두호고등학교고등학생과외,두호고등학교 고등학생과외 학습 부담을 나누어 꾸준히 이어가는 학습 기록을 활용하는 방법을 정리합니다,두호고등학교|고등학생|과외,두호고등학교|고등학생|과외,두호고등학교|고등학생|과외,true,정상
school,,명진고등학교,고등학교,고등,영어,false,명진고등학교 고등 영어과외,명진고등학교고등영어과외,명진고등학교고등영어과외,명진고등학교 고등 영어과외 교과 내용을 자신의 말로 설명해 보는 교과 진도에 맞는 계획을 알아봅니다,명진고등학교|고등|영어|과외,명진고등학교|고등|영어|과외,명진고등학교|고등|영어|과외,true,정상
school,,조일고등학교,고등학교,고등,수학,false,조일고등학교 고등 수학과외,조일고등학교고등수학과외,조일고등학교고등수학과외,조일고등학교 고등 수학과외 수학 개념 이해와 문제풀이 순서를 점검합니다 학습 방향을 함께 살펴봅니다,조일고등학교|고등|수학|과외,조일고등학교|고등|수학|과외,조일고등학교|고등|수학|과외,true,정상
school,,대전노은고등학교,고등학교,고등,과학,false,대전노은고등학교 고등 과학과외,대전노은고등학교고등과학과외,대전노은고등학교고등과학과외,대전노은고등학교 고등 과학과외 과학 원리와 문제 적용 순서를 점검합니다 학습 방향을 함께 살펴봅니다,대전노은고등학교|고등|과학|과외,대전노은고등학교|고등|과학|과외,대전노은고등학교|고등|과학|과외,true,정상
school,,경남고등학교,고등학교,고등,국어,false,경남고등학교 고등 국어과외,경남고등학교고등국어과외,경남고등학교고등국어과외,경남고등학교 고등 국어과외 매일 이어갈 수 있는 학습 리듬을 만드는 오답을 줄이는 과정을 살펴봅니다,경남고등학교|고등|국어|과외,경남고등학교|고등|국어|과외,경남고등학교|고등|국어|과외,true,정상
school,,동작고등학교,고등학교,고등,영수,false,동작고등학교 고등 영수과외,동작고등학교고등영수과외,동작고등학교고등영수과외,동작고등학교 고등 영수과외 매일 이어갈 수 있는 학습 리듬을 만드는 개념과 적용의 연결을 살펴봅니다,동작고등학교|고등|영수|과외,동작고등학교|고등|영수|과외,동작고등학교|고등|영수|과외,true,정상
school,,반곡고등학교,고등학교,고등학생,영어,false,반곡고등학교 고등학생 영어과외,반곡고등학교고등학생영어과외,반곡고등학교고등학생영어과외,반곡고등학교 고등학생 영어과외 현재 수준에 맞춰 단계적으로 접근하는 질문과 설명의 과정을 안내합니다,반곡고등학교|고등학생|영어|과외,반곡고등학교|고등학생|영어|과외,반곡고등학교|고등학생|영어|과외,true,정상
school,,울산강남고등학교,고등학교,고등학생,수학,false,울산강남고등학교 고등학생 수학과외,울산강남고등학교고등학생수학과외,울산강남고등학교고등학생수학과외,울산강남고등학교 고등학생 수학과외 이해와 적용의 순서를 분명하게 잡는 문제 해결의 순서를 정리합니다,울산강남고등학교|고등학생|수학|과외,울산강남고등학교|고등학생|수학|과외,울산강남고등학교|고등학생|수학|과외,true,정상
school,,부광고등학교,고등학교,고등학생,과학,false,부광고등학교 고등학생 과학과외,부광고등학교고등학생과학과외,부광고등학교고등학생과학과외,부광고등학교 고등학생 과학과외 과학 원리와 문제 적용 순서를 점검합니다 학습 방향을 함께 살펴봅니다,부광고등학교|고등학생|과학|과외,부광고등학교|고등학생|과학|과외,부광고등학교|고등학생|과학|과외,true,정상
school,,목상고등학교,고등학교,고등학생,국어,false,목상고등학교 고등학생 국어과외,목상고등학교고등학생국어과외,목상고등학교고등학생국어과외,목상고등학교 고등학생 국어과외 교과 내용을 자신의 말로 설명해 보는 질문과 설명의 과정을 안내합니다,목상고등학교|고등학생|국어|과외,목상고등학교|고등학생|국어|과외,목상고등학교|고등학생|국어|과외,true,정상
school,,동암고등학교,고등학교,고등학생,영수,false,동암고등학교 고등학생 영수과외,동암고등학교고등학생영수과외,동암고등학교고등학생영수과외,동암고등학교 고등학생 영수과외 학습 부담을 나누어 꾸준히 이어가는 시험 범위별 우선순위를 확인합니다,동암고등학교|고등학생|영수|과외,동암고등학교|고등학생|영수|과외,동암고등학교|고등학생|영수|과외,true,정상
school,,대기고등학교,고등학교,,,true,대기고등학교 내신과외,대기고등학교내신과외,대기고등학교내신과외,대기고등학교 내신과외 단기 목표와 누적 복습을 함께 배치하는 학습 기록을 활용하는 방법을 정리합니다,대기고등학교|내신|과외,대기고등학교|내신|과외,대기고등학교|내신|과외,true,정상
school,,공주고등학교,고등학교,,영어,true,공주고등학교 영어 내신과외,공주고등학교영어내신과외,공주고등학교영어내신과외,공주고등학교 영어 내신과외 주간 계획과 실천 결과를 비교하는 학습 기록을 활용하는 방법을 정리합니다,공주고등학교|영어|내신|과외,공주고등학교|영어|내신|과외,공주고등학교|영어|내신|과외,true,정상
school,,주성고등학교,고등학교,,수학,true,주성고등학교 수학 내신과외,주성고등학교수학내신과외,주성고등학교수학내신과외,주성고등학교 수학 내신과외 풀이 근거와 판단 순서를 꼼꼼히 살피는 시험 범위별 우선순위를 확인합니다,주성고등학교|수학|내신|과외,주성고등학교|수학|내신|과외,주성고등학교|수학|내신|과외,true,정상
school,,강릉문성고등학교,고등학교,,과학,true,강릉문성고등학교 과학 내신과외,강릉문성고등학교과학내신과외,강릉문성고등학교과학내신과외,강릉문성고등학교 과학 내신과외 과목별 공부 순서를 균형 있게 살펴보는 자기주도학습 방법을 살펴봅니다,강릉문성고등학교|과학|내신|과외,강릉문성고등학교|과학|내신|과외,강릉문성고등학교|과학|내신|과외,true,정상
school,,양주고등학교,고등학교,,국어,true,양주고등학교 국어 내신과외,양주고등학교국어내신과외,양주고등학교국어내신과외,양주고등학교 국어 내신과외 과목별 공부 순서를 균형 있게 살펴보는 시험 범위별 우선순위를 확인합니다,양주고등학교|국어|내신|과외,양주고등학교|국어|내신|과외,양주고등학교|국어|내신|과외,true,정상
school,,창원성민여자고등학교,고등학교,,영수,true,창원성민여자고등학교 영수 내신과외,창원성민여자고등학교영수내신과외,창원성민여자고등학교영수내신과외,창원성민여자고등학교 영수 내신과외 주간 계획과 실천 결과를 비교하는 질문과 설명의 과정을 안내합니다,창원성민여자고등학교|영수|내신|과외,창원성민여자고등학교|영수|내신|과외,창원성민여자고등학교|영수|내신|과외,true,정상
school,,영천성남여자고등학교,고등학교,고등,,true,영천성남여자고등학교 고등 내신과외,영천성남여자고등학교고등내신과외,영천성남여자고등학교고등내신과외,영천성남여자고등학교 고등 내신과외 질문과 설명 습관을 차분히 기르는 집중과 휴식의 기준을 점검합니다,영천성남여자고등학교|고등|내신|과외,영천성남여자고등학교|고등|내신|과외,영천성남여자고등학교|고등|내신|과외,true,정상
school,,살레시오고등학교,고등학교,고등학생,,true,살레시오고등학교 고등학생 내신과외,살레시오고등학교고등학생내신과외,살레시오고등학교고등학생내신과외,살레시오고등학교 고등학생 내신과외 학습 기록을 다음 계획으로 연결하는 개념 이해의 순서를 확인합니다,살레시오고등학교|고등학생|내신|과외,살레시오고등학교|고등학생|내신|과외,살레시오고등학교|고등학생|내신|과외,true,정상
school,,청구고등학교,고등학교,고등,영어,true,청구고등학교 고등 영어 내신과외,청구고등학교고등영어내신과외,청구고등학교고등영어내신과외,청구고등학교 고등 영어 내신과외 학습 기록을 활용하는 방법을 정리합니다 학습 방향을 함께 살펴봅니다,청구고등학교|고등|영어|내신|과외,청구고등학교|고등|영어|내신|과외,청구고등학교|고등|영어|내신|과외,true,정상
school,,중일고등학교,고등학교,고등,수학,true,중일고등학교 고등 수학 내신과외,중일고등학교고등수학내신과외,중일고등학교고등수학내신과외,중일고등학교 고등 수학 내신과외 학습 기록을 활용하는 방법을 정리합니다 학습 방향을 함께 살펴봅니다,중일고등학교|고등|수학|내신|과외,중일고등학교|고등|수학|내신|과외,중일고등학교|고등|수학|내신|과외,true,정상
school,,사직여자고등학교,고등학교,고등,과학,true,사직여자고등학교 고등 과학 내신과외,사직여자고등학교고등과학내신과외,사직여자고등학교고등과학내신과외,사직여자고등학교 고등 과학 내신과외 매일 실천할 공부 기준을 안내합니다 학습 방향을 함께 살펴봅니다,사직여자고등학교|고등|과학|내신|과외,사직여자고등학교|고등|과학|내신|과외,사직여자고등학교|고등|과학|내신|과외,true,정상
school,,신도고등학교,고등학교,고등,국어,true,신도고등학교 고등 국어 내신과외,신도고등학교고등국어내신과외,신도고등학교고등국어내신과외,신도고등학교 고등 국어 내신과외 풀이 근거와 판단 순서를 꼼꼼히 살피는 시험 대비 흐름을 점검합니다,신도고등학교|고등|국어|내신|과외,신도고등학교|고등|국어|내신|과외,신도고등학교|고등|국어|내신|과외,true,정상
school,,종촌고등학교,고등학교,고등,영수,true,종촌고등학교 고등 영수 내신과외,종촌고등학교고등영수내신과외,종촌고등학교고등영수내신과외,종촌고등학교 고등 영수 내신과외 취약 부분을 보완하는 흐름을 알아봅니다 학습 방향을 함께 살펴봅니다,종촌고등학교|고등|영수|내신|과외,종촌고등학교|고등|영수|내신|과외,종촌고등학교|고등|영수|내신|과외,true,정상
school,,울산삼일고등학교,고등학교,고등학생,영어,true,울산삼일고등학교 고등학생 영어 내신과외,울산삼일고등학교고등학생영어내신과외,울산삼일고등학교고등학생영어내신과외,울산삼일고등학교 고등학생 영어 내신과외 개념과 적용의 연결을 살펴봅니다 학습 방향을 함께 살펴봅니다,울산삼일고등학교|고등학생|영어|내신|과외,울산삼일고등학교|고등학생|영어|내신|과외,울산삼일고등학교|고등학생|영어|내신|과외,true,정상
school,,인천하늘고등학교,고등학교,고등학생,수학,true,인천하늘고등학교 고등학생 수학 내신과외,인천하늘고등학교고등학생수학내신과외,인천하늘고등학교고등학생수학내신과외,인천하늘고등학교 고등학생 수학 내신과외 집중과 휴식의 기준을 점검합니다 학습 방향을 함께 살펴봅니다,인천하늘고등학교|고등학생|수학|내신|과외,인천하늘고등학교|고등학생|수학|내신|과외,인천하늘고등학교|고등학생|수학|내신|과외,true,정상
school,,순천효산고등학교,고등학교,고등학생,과학,true,순천효산고등학교 고등학생 과학 내신과외,순천효산고등학교고등학생과학내신과외,순천효산고등학교고등학생과학내신과외,순천효산고등학교 고등학생 과학 내신과외 질문과 설명의 과정을 안내합니다 학습 방향을 함께 살펴봅니다,순천효산고등학교|고등학생|과학|내신|과외,순천효산고등학교|고등학생|과학|내신|과외,순천효산고등학교|고등학생|과학|내신|과외,true,정상
school,,양현고등학교,고등학교,고등학생,국어,true,양현고등학교 고등학생 국어 내신과외,양현고등학교고등학생국어내신과외,양현고등학교고등학생국어내신과외,양현고등학교 고등학생 국어 내신과외 질문과 설명 습관을 차분히 기르는 자기주도학습 방법을 살펴봅니다,양현고등학교|고등학생|국어|내신|과외,양현고등학교|고등학생|국어|내신|과외,양현고등학교|고등학생|국어|내신|과외,true,정상
school,,제주중앙여자고등학교,고등학교,고등학생,영수,true,제주중앙여자고등학교 고등학생 영수 내신과외,제주중앙여자고등학교고등학생영수내신과외,제주중앙여자고등학교고등학생영수내신과외,제주중앙여자고등학교 고등학생 영수 내신과외 주간 학습 흐름을 확인합니다 학습 방향을 함께 살펴봅니다,제주중앙여자고등학교|고등학생|영수|내신|과외,제주중앙여자고등학교|고등학생|영수|내신|과외,제주중앙여자고등학교|고등학생|영수|내신|과외,true,정상
school,,논산대건고등학교,고등학교,,,false,논산대건고등학교과외,논산대건고등학교과외,논산대건고등학교과외,논산대건고등학교과외 공부 방향을 살펴봅니다 학습 방향을 함께 살펴봅니다 시험 준비을 함께 살펴봅니다,논산대건고등학교|과외,논산대건고등학교|과외,논산대건고등학교|과외,true,정상
school,,영동미래고등학교,고등학교,,영어,false,영동미래고등학교 영어과외,영동미래고등학교영어과외,영동미래고등학교영어과외,영동미래고등학교 영어과외 어휘 복습과 독해 문제 접근 기준을 살펴봅니다 학습 방향을 함께 살펴봅니다,영동미래고등학교|영어|과외,영동미래고등학교|영어|과외,영동미래고등학교|영어|과외,true,정상
school,,강릉고등학교,고등학교,,수학,false,강릉고등학교 수학과외,강릉고등학교수학과외,강릉고등학교수학과외,강릉고등학교 수학과외 풀이 근거와 판단 순서를 꼼꼼히 살피는 학습 기록을 활용하는 방법을 정리합니다,강릉고등학교|수학|과외,강릉고등학교|수학|과외,강릉고등학교|수학|과외,true,정상
school,,시흥고등학교,고등학교,,과학,false,시흥고등학교 과학과외,시흥고등학교과학과외,시흥고등학교과학과외,시흥고등학교 과학과외 서술 과정과 답의 근거를 함께 점검하는 학습 기록을 활용하는 방법을 정리합니다,시흥고등학교|과학|과외,시흥고등학교|과학|과외,시흥고등학교|과학|과외,true,정상
school,,김해외국어고등학교,고등학교,,국어,false,김해외국어고등학교 국어과외,김해외국어고등학교국어과외,김해외국어고등학교국어과외,김해외국어고등학교 국어과외 질문과 설명 습관을 차분히 기르는 취약 부분을 보완하는 흐름을 알아봅니다,김해외국어고등학교|국어|과외,김해외국어고등학교|국어|과외,김해외국어고등학교|국어|과외,true,정상
school,,사동고등학교,고등학교,,영수,false,사동고등학교 영수과외,사동고등학교영수과외,사동고등학교영수과외,사동고등학교 영수과외 집중 시간과 공부 분량을 알맞게 나누는 학습 기록을 활용하는 방법을 정리합니다,사동고등학교|영수|과외,사동고등학교|영수|과외,사동고등학교|영수|과외,true,정상
school,,광덕고등학교,고등학교,고등,,false,광덕고등학교 고등과외,광덕고등학교고등과외,광덕고등학교고등과외,광덕고등학교 고등과외 단기 목표와 누적 복습을 함께 배치하는 취약 부분을 보완하는 흐름을 알아봅니다,광덕고등학교|고등|과외,광덕고등학교|고등|과외,광덕고등학교|고등|과외,true,정상
school,,덕원고등학교,고등학교,고등학생,,false,덕원고등학교 고등학생과외,덕원고등학교고등학생과외,덕원고등학교고등학생과외,덕원고등학교 고등학생과외 풀이 근거와 판단 순서를 꼼꼼히 살피는 교과 진도에 맞는 계획을 알아봅니다,덕원고등학교|고등학생|과외,덕원고등학교|고등학생|과외,덕원고등학교|고등학생|과외,true,정상
