page_type,시도,시군구,읍면동,리,지역명,학교명,학교급,대상,과목,메인키워드,슬러그,제목,설명,본문,source_html
region,강원특별자치도,정선군,신동,,신동,,,초등학생,수학과외,신동 초등학생 수학과외,신동초등학생수학과외,,,,C:\Users\user\Documents\GitHub\studynavi\강원과외\정선군과외\강원신동과외\index.html
region,경기도,안산시,장상동,,장상동,,,초등학생,영어과외,장상동 초등학생 영어과외,장상동초등학생영어과외,,,,C:\Users\user\Documents\GitHub\studynavi\경기과외\안산시과외\장상동과외\index.html
region,경상남도,창원시,반지동,,반지동,,,고등학생,영어과외,반지동 고등학생 영어과외,반지동고등학생영어과외,,,,C:\Users\user\Documents\GitHub\studynavi\경남과외\창원시과외\반지동과외\index.html
region,경상북도,문경시,흥덕동,,흥덕동,,,초등학생,영어과외,흥덕동 초등학생 영어과외,흥덕동초등학생영어과외,,,,C:\Users\user\Documents\GitHub\studynavi\경북과외\문경시과외\흥덕동과외\index.html
region,광주광역시,광산구,서봉동,,서봉동,,,고등학생,국영수과외,서봉동 고등학생 국영수과외,서봉동고등학생국영수과외,,,,C:\Users\user\Documents\GitHub\studynavi\광주과외\광산구과외\서봉동과외\index.html
region,대구광역시,달서구,월성동,,월성동,,,고등학생,영어과외,월성동 고등학생 영어과외,월성동고등학생영어과외,,,,C:\Users\user\Documents\GitHub\studynavi\대구과외\달서구과외\월성동과외\index.html
region,대전광역시,서구,,,서구,,,고등학생,영어과외,서구 고등학생 영어과외,서구고등학생영어과외,,,,C:\Users\user\Documents\GitHub\studynavi\대전과외\서구과외\index.html
region,부산광역시,연제구,,,연제구,,,중학생,영어과외,연제구 중학생 영어과외,연제구중학생영어과외,,,,C:\Users\user\Documents\GitHub\studynavi\부산과외\연제구과외\index.html
region,서울특별시,중구,신당동,,신당동,,,고등학생,영어과외,신당동 고등학생 영어과외,신당동고등학생영어과외,,,,C:\Users\user\Documents\GitHub\studynavi\서울과외\중구과외\서울신당동과외\index.html
region,세종특별자치시,,,,세종특별자치시,,,초등학생,국영수과외,세종특별자치시 초등학생 국영수과외,세종특별자치시초등학생국영수과외,,,,C:\Users\user\Documents\GitHub\studynavi\세종과외\index.html
region,울산광역시,중구,성안동,,성안동,,,중학생,국영수과외,성안동 중학생 국영수과외,성안동중학생국영수과외,,,,C:\Users\user\Documents\GitHub\studynavi\울산과외\중구과외\성안동과외\index.html
region,인천광역시,계양구,,,계양구,,,고등학생,영어과외,계양구 고등학생 영어과외,계양구고등학생영어과외,,,,C:\Users\user\Documents\GitHub\studynavi\인천과외\계양구과외\index.html
region,전라남도,여수시,여서동,,여서동,,,고등학생,수학과외,여서동 고등학생 수학과외,여서동고등학생수학과외,,,,C:\Users\user\Documents\GitHub\studynavi\전남과외\여수시과외\여서동과외\index.html
region,전북특별자치도,군산시,수송동,,수송동,,,초등학생,영어과외,수송동 초등학생 영어과외,수송동초등학생영어과외,,,,C:\Users\user\Documents\GitHub\studynavi\전북과외\군산시과외\수송동과외\index.html
region,제주특별자치도,제주시,용담삼동,,용담삼동,,,초등학생,수학과외,용담삼동 초등학생 수학과외,용담삼동초등학생수학과외,,,,C:\Users\user\Documents\GitHub\studynavi\제주과외\제주시과외\용담삼동과외\index.html
region,충청남도,논산시,청동,,청동,,,고등학생,수학과외,청동 고등학생 수학과외,청동고등학생수학과외,,,,C:\Users\user\Documents\GitHub\studynavi\충남과외\논산시과외\청동과외\index.html
region,충청북도,단양군,단양군평동,,단양군평동,,,초등학생,국영수과외,단양군평동 초등학생 국영수과외,단양군평동초등학생국영수과외,,,,C:\Users\user\Documents\GitHub\studynavi\충북과외\단양군과외\단양군평동과외\index.html
region,강원특별자치도,태백시,황지동,,황지동,,,고등학생,수학과외,황지동 고등학생 수학과외,황지동고등학생수학과외,,,,C:\Users\user\Documents\GitHub\studynavi\강원과외\태백시과외\황지동과외\index.html
region,경기도,용인시,상현동,,상현동,,,초등학생,국영수과외,상현동 초등학생 국영수과외,상현동초등학생국영수과외,,,,C:\Users\user\Documents\GitHub\studynavi\경기과외\용인시과외\상현동과외\index.html
region,경상남도,창원시,신촌동,,신촌동,,,고등학생,영어과외,신촌동 고등학생 영어과외,신촌동고등학생영어과외,,,,C:\Users\user\Documents\GitHub\studynavi\경남과외\창원시과외\신촌동과외\index.html
region,경상북도,김천시,교동,,교동,,,초등학생,국영수과외,교동 초등학생 국영수과외,교동초등학생국영수과외,,,,C:\Users\user\Documents\GitHub\studynavi\경북과외\김천시과외\경북교동과외\index.html
region,광주광역시,광산구,운수동,,운수동,,,초등학생,국영수과외,운수동 초등학생 국영수과외,운수동초등학생국영수과외,,,,C:\Users\user\Documents\GitHub\studynavi\광주과외\광산구과외\운수동과외\index.html
region,대구광역시,동구,신서동,,신서동,,,고등학생,국영수과외,신서동 고등학생 국영수과외,신서동고등학생국영수과외,,,,C:\Users\user\Documents\GitHub\studynavi\대구과외\동구과외\신서동과외\index.html
region,대전광역시,유성구,,,유성구,,,중학생,국영수과외,유성구 중학생 국영수과외,유성구중학생국영수과외,,,,C:\Users\user\Documents\GitHub\studynavi\대전과외\유성구과외\index.html
region,부산광역시,강서구,,,강서구,,,고등학생,영어과외,강서구 고등학생 영어과외,강서구고등학생영어과외,,,,C:\Users\user\Documents\GitHub\studynavi\부산과외\강서구과외\index.html
region,서울특별시,용산구,보광동,,보광동,,,중학생,수학과외,보광동 중학생 수학과외,보광동중학생수학과외,,,,C:\Users\user\Documents\GitHub\studynavi\서울과외\용산구과외\보광동과외\index.html
region,세종특별자치시,세종시,도담동,,도담동,,,고등학생,영어과외,도담동 고등학생 영어과외,도담동고등학생영어과외,,,,C:\Users\user\Documents\GitHub\studynavi\세종과외\세종시과외\도담동과외\index.html
region,울산광역시,중구,유곡동,,유곡동,,,중학생,국영수과외,유곡동 중학생 국영수과외,유곡동중학생국영수과외,,,,C:\Users\user\Documents\GitHub\studynavi\울산과외\중구과외\유곡동과외\index.html
region,인천광역시,서구,신현동,,신현동,,,초등학생,국영수과외,신현동 초등학생 국영수과외,신현동초등학생국영수과외,,,,C:\Users\user\Documents\GitHub\studynavi\인천과외\서구과외\인천신현동과외\index.html
region,전라남도,나주시,,,나주시,,,중학생,수학과외,나주시 중학생 수학과외,나주시중학생수학과외,,,,C:\Users\user\Documents\GitHub\studynavi\전남과외\나주시과외\index.html
region,전북특별자치도,완주군,,,완주군,,,고등학생,영어과외,완주군 고등학생 영어과외,완주군고등학생영어과외,,,,C:\Users\user\Documents\GitHub\studynavi\전북과외\완주군과외\index.html
region,제주특별자치도,제주시,아라일동,,아라일동,,,초등학생,수학과외,아라일동 초등학생 수학과외,아라일동초등학생수학과외,,,,C:\Users\user\Documents\GitHub\studynavi\제주과외\제주시과외\아라일동과외\index.html
region,충청남도,보령시,동대동,,동대동,,,중학생,수학과외,동대동 중학생 수학과외,동대동중학생수학과외,,,,C:\Users\user\Documents\GitHub\studynavi\충남과외\보령시과외\동대동과외\index.html
region,충청북도,청주시,봉명동,,봉명동,,,초등학생,영어과외,봉명동 초등학생 영어과외,봉명동초등학생영어과외,,,,C:\Users\user\Documents\GitHub\studynavi\충북과외\청주시과외\충북봉명동과외\index.html
region,강원특별자치도,강릉시,옥천동,,옥천동,,,중학생,영어과외,옥천동 중학생 영어과외,옥천동중학생영어과외,,,,C:\Users\user\Documents\GitHub\studynavi\강원과외\강릉시과외\옥천동과외\index.html
region,경기도,파주시,야동동,,야동동,,,고등학생,영어과외,야동동 고등학생 영어과외,야동동고등학생영어과외,,,,C:\Users\user\Documents\GitHub\studynavi\경기과외\파주시과외\야동동과외\index.html
region,경상남도,창원시,해운동,,해운동,,,중학생,수학과외,해운동 중학생 수학과외,해운동중학생수학과외,,,,C:\Users\user\Documents\GitHub\studynavi\경남과외\창원시과외\해운동과외\index.html
region,경상북도,포항시,우현동,,우현동,,,초등학생,수학과외,우현동 초등학생 수학과외,우현동초등학생수학과외,,,,C:\Users\user\Documents\GitHub\studynavi\경북과외\포항시과외\우현동과외\index.html
region,광주광역시,북구,용두동,,용두동,,,초등학생,수학과외,용두동 초등학생 수학과외,용두동초등학생수학과외,,,,C:\Users\user\Documents\GitHub\studynavi\광주과외\북구과외\광주용두동과외\index.html
region,대구광역시,수성구,,,수성구,,,고등학생,영어과외,수성구 고등학생 영어과외,수성구고등학생영어과외,,,,C:\Users\user\Documents\GitHub\studynavi\대구과외\수성구과외\index.html
region,대전광역시,중구,부사동,,부사동,,,중학생,수학과외,부사동 중학생 수학과외,부사동중학생수학과외,,,,C:\Users\user\Documents\GitHub\studynavi\대전과외\중구과외\부사동과외\index.html
region,부산광역시,금정구,구서동,,구서동,,,고등학생,수학과외,구서동 고등학생 수학과외,구서동고등학생수학과외,,,,C:\Users\user\Documents\GitHub\studynavi\부산과외\금정구과외\구서동과외\index.html
region,서울특별시,강남구,논현동,,논현동,,,초등학생,영어과외,논현동 초등학생 영어과외,논현동초등학생영어과외,,,,C:\Users\user\Documents\GitHub\studynavi\서울과외\강남구과외\서울논현동과외\index.html
region,세종특별자치시,세종시,고운동,,고운동,,,중학생,국영수과외,고운동 중학생 국영수과외,고운동중학생국영수과외,,,,C:\Users\user\Documents\GitHub\studynavi\세종과외\세종시과외\고운동과외\index.html
region,울산광역시,동구,화정동,,화정동,,,중학생,국영수과외,화정동 중학생 국영수과외,화정동중학생국영수과외,,,,C:\Users\user\Documents\GitHub\studynavi\울산과외\동구과외\울산화정동과외\index.html
region,인천광역시,서구,가정동,,가정동,,,초등학생,영어과외,가정동 초등학생 영어과외,가정동초등학생영어과외,,,,C:\Users\user\Documents\GitHub\studynavi\인천과외\서구과외\인천가정동과외\index.html
region,전라남도,순천시,,,순천시,,,고등학생,영어과외,순천시 고등학생 영어과외,순천시고등학생영어과외,,,,C:\Users\user\Documents\GitHub\studynavi\전남과외\순천시과외\index.html
region,전북특별자치도,김제시,요촌동,,요촌동,,,초등학생,영어과외,요촌동 초등학생 영어과외,요촌동초등학생영어과외,,,,C:\Users\user\Documents\GitHub\studynavi\전북과외\김제시과외\요촌동과외\index.html
region,제주특별자치도,서귀포시,서귀포시일주동,,서귀포시일주동,,,초등학생,수학과외,서귀포시일주동 초등학생 수학과외,서귀포시일주동초등학생수학과외,,,,C:\Users\user\Documents\GitHub\studynavi\제주과외\서귀포시과외\서귀포시일주동과외\index.html
region,충청남도,천안시,불당동,,불당동,,,초등학생,수학과외,불당동 초등학생 수학과외,불당동초등학생수학과외,,,,C:\Users\user\Documents\GitHub\studynavi\충남과외\천안시과외\불당동과외\index.html
region,충청북도,청주시,가경동,,가경동,,,중학생,영어과외,가경동 중학생 영어과외,가경동중학생영어과외,,,,C:\Users\user\Documents\GitHub\studynavi\충북과외\청주시과외\가경동과외\index.html
region,강원특별자치도,강릉시,입암동,,입암동,,,고등학생,수학과외,입암동 고등학생 수학과외,입암동고등학생수학과외,,,,C:\Users\user\Documents\GitHub\studynavi\강원과외\강릉시과외\입암동과외\index.html
region,경기도,구리시,인창동,,인창동,,,초등학생,국영수과외,인창동 초등학생 국영수과외,인창동초등학생국영수과외,,,,C:\Users\user\Documents\GitHub\studynavi\경기과외\구리시과외\인창동과외\index.html
region,경상남도,거창군,상동,,상동,,,초등학생,수학과외,상동 초등학생 수학과외,상동초등학생수학과외,,,,C:\Users\user\Documents\GitHub\studynavi\경남과외\거창군과외\경남상동과외\index.html
region,경상북도,구미시,봉곡동,,봉곡동,,,고등학생,영어과외,봉곡동 고등학생 영어과외,봉곡동고등학생영어과외,,,,C:\Users\user\Documents\GitHub\studynavi\경북과외\구미시과외\경북봉곡동과외\index.html
region,광주광역시,북구,오룡동,,오룡동,,,고등학생,국영수과외,오룡동 고등학생 국영수과외,오룡동고등학생국영수과외,,,,C:\Users\user\Documents\GitHub\studynavi\광주과외\북구과외\오룡동과외\index.html
region,대구광역시,달서구,두류동,,두류동,,,중학생,영어과외,두류동 중학생 영어과외,두류동중학생영어과외,,,,C:\Users\user\Documents\GitHub\studynavi\대구과외\달서구과외\두류동과외\index.html
region,대전광역시,대덕구,신탄진동,,신탄진동,,,중학생,영어과외,신탄진동 중학생 영어과외,신탄진동중학생영어과외,,,,C:\Users\user\Documents\GitHub\studynavi\대전과외\대덕구과외\신탄진동과외\index.html
region,부산광역시,동래구,명장동,,명장동,,,고등학생,수학과외,명장동 고등학생 수학과외,명장동고등학생수학과외,,,,C:\Users\user\Documents\GitHub\studynavi\부산과외\동래구과외\명장동과외\index.html
region,서울특별시,마포구,상암동,,상암동,,,초등학생,국영수과외,상암동 초등학생 국영수과외,상암동초등학생국영수과외,,,,C:\Users\user\Documents\GitHub\studynavi\서울과외\마포구과외\상암동과외\index.html
region,세종특별자치시,세종시,어진동,,어진동,,,중학생,수학과외,어진동 중학생 수학과외,어진동중학생수학과외,,,,C:\Users\user\Documents\GitHub\studynavi\세종과외\세종시과외\어진동과외\index.html
region,울산광역시,북구,효문동,,효문동,,,고등학생,영어과외,효문동 고등학생 영어과외,효문동고등학생영어과외,,,,C:\Users\user\Documents\GitHub\studynavi\울산과외\북구과외\효문동과외\index.html
region,인천광역시,중구,북성동,,북성동,,,고등학생,수학과외,북성동 고등학생 수학과외,북성동고등학생수학과외,,,,C:\Users\user\Documents\GitHub\studynavi\인천과외\중구과외\북성동과외\index.html
region,전라남도,화순군,,,화순군,,,중학생,국영수과외,화순군 중학생 국영수과외,화순군중학생국영수과외,,,,C:\Users\user\Documents\GitHub\studynavi\전남과외\화순군과외\index.html
region,전북특별자치도,익산시,모현동,,모현동,,,중학생,국영수과외,모현동 중학생 국영수과외,모현동중학생국영수과외,,,,C:\Users\user\Documents\GitHub\studynavi\전북과외\익산시과외\모현동과외\index.html
region,제주특별자치도,제주시,영평동,,영평동,,,중학생,수학과외,영평동 중학생 수학과외,영평동중학생수학과외,,,,C:\Users\user\Documents\GitHub\studynavi\제주과외\제주시과외\영평동과외\index.html
region,충청남도,보령시,대천동,,대천동,,,중학생,수학과외,대천동 중학생 수학과외,대천동중학생수학과외,,,,C:\Users\user\Documents\GitHub\studynavi\충남과외\보령시과외\대천동과외\index.html
region,충청북도,제천시,하소동,,하소동,,,고등학생,수학과외,하소동 고등학생 수학과외,하소동고등학생수학과외,,,,C:\Users\user\Documents\GitHub\studynavi\충북과외\제천시과외\하소동과외\index.html
region,강원특별자치도,영월군,,,영월군,,,고등학생,영어과외,영월군 고등학생 영어과외,영월군고등학생영어과외,,,,C:\Users\user\Documents\GitHub\studynavi\강원과외\영월군과외\index.html
region,경기도,시흥시,월곶동,,월곶동,,,중학생,수학과외,월곶동 중학생 수학과외,월곶동중학생수학과외,,,,C:\Users\user\Documents\GitHub\studynavi\경기과외\시흥시과외\월곶동과외\index.html
region,경상남도,창녕군,낙동,,낙동,,,고등학생,수학과외,낙동 고등학생 수학과외,낙동고등학생수학과외,,,,C:\Users\user\Documents\GitHub\studynavi\경남과외\창녕군과외\경남낙동과외\index.html
region,경상북도,청송군,청송중학교부동,,청송중학교부동,,,중학생,국영수과외,청송중학교부동 중학생 국영수과외,청송중학교부동중학생국영수과외,,,,C:\Users\user\Documents\GitHub\studynavi\경북과외\청송군과외\청송중학교부동과외\index.html
region,광주광역시,북구,본촌동,,본촌동,,,중학생,국영수과외,본촌동 중학생 국영수과외,본촌동중학생국영수과외,,,,C:\Users\user\Documents\GitHub\studynavi\광주과외\북구과외\본촌동과외\index.html
region,대구광역시,동구,서호동,,서호동,,,초등학생,영어과외,서호동 초등학생 영어과외,서호동초등학생영어과외,,,,C:\Users\user\Documents\GitHub\studynavi\대구과외\동구과외\서호동과외\index.html
region,대전광역시,대덕구,,,대덕구,,,고등학생,수학과외,대덕구 고등학생 수학과외,대덕구고등학생수학과외,,,,C:\Users\user\Documents\GitHub\studynavi\대전과외\대덕구과외\index.html
region,부산광역시,남구,용호동,,용호동,,,고등학생,수학과외,용호동 고등학생 수학과외,용호동고등학생수학과외,,,,C:\Users\user\Documents\GitHub\studynavi\부산과외\남구과외\부산용호동과외\index.html
region,서울특별시,강동구,암사동,,암사동,,,초등학생,수학과외,암사동 초등학생 수학과외,암사동초등학생수학과외,,,,C:\Users\user\Documents\GitHub\studynavi\서울과외\강동구과외\암사동과외\index.html
region,세종특별자치시,세종시,종촌동,,종촌동,,,중학생,수학과외,종촌동 중학생 수학과외,종촌동중학생수학과외,,,,C:\Users\user\Documents\GitHub\studynavi\세종과외\세종시과외\종촌동과외\index.html
region,울산광역시,북구,연암동,,연암동,,,고등학생,국영수과외,연암동 고등학생 국영수과외,연암동고등학생국영수과외,,,,C:\Users\user\Documents\GitHub\studynavi\울산과외\북구과외\연암동과외\index.html
region,인천광역시,계양구,효성동,,효성동,,,고등학생,영어과외,효성동 고등학생 영어과외,효성동고등학생영어과외,,,,C:\Users\user\Documents\GitHub\studynavi\인천과외\계양구과외\효성동과외\index.html
region,전라남도,강진군,군동,,군동,,,고등학생,수학과외,군동 고등학생 수학과외,군동고등학생수학과외,,,,C:\Users\user\Documents\GitHub\studynavi\전남과외\강진군과외\군동과외\index.html
region,전북특별자치도,전주시,전주시교동,,전주시교동,,,중학생,수학과외,전주시교동 중학생 수학과외,전주시교동중학생수학과외,,,,C:\Users\user\Documents\GitHub\studynavi\전북과외\전주시과외\전주시교동과외\index.html
region,제주특별자치도,서귀포시,,,서귀포시,,,고등학생,국영수과외,서귀포시 고등학생 국영수과외,서귀포시고등학생국영수과외,,,,C:\Users\user\Documents\GitHub\studynavi\제주과외\서귀포시과외\index.html
region,충청남도,천안시,두정동,,두정동,,,중학생,수학과외,두정동 중학생 수학과외,두정동중학생수학과외,,,,C:\Users\user\Documents\GitHub\studynavi\충남과외\천안시과외\두정동과외\index.html
region,충청북도,제천시,제천시평동,,제천시평동,,,중학생,수학과외,제천시평동 중학생 수학과외,제천시평동중학생수학과외,,,,C:\Users\user\Documents\GitHub\studynavi\충북과외\제천시과외\제천시평동과외\index.html
region,강원특별자치도,양구군,남동,,남동,,,초등학생,영어과외,남동 초등학생 영어과외,남동초등학생영어과외,,,,C:\Users\user\Documents\GitHub\studynavi\강원과외\양구군과외\강원남동과외\index.html
region,경기도,광주시,경안동,,경안동,,,초등학생,영어과외,경안동 초등학생 영어과외,경안동초등학생영어과외,,,,C:\Users\user\Documents\GitHub\studynavi\경기과외\광주시과외\경안동과외\index.html
region,경상남도,합천군,신성동,,신성동,,,초등학생,영어과외,신성동 초등학생 영어과외,신성동초등학생영어과외,,,,C:\Users\user\Documents\GitHub\studynavi\경남과외\합천군과외\경남신성동과외\index.html
region,경상북도,문경시,모전동,,모전동,,,중학생,국영수과외,모전동 중학생 국영수과외,모전동중학생국영수과외,,,,C:\Users\user\Documents\GitHub\studynavi\경북과외\문경시과외\모전동과외\index.html
region,광주광역시,북구,문흥동,,문흥동,,,고등학생,영어과외,문흥동 고등학생 영어과외,문흥동고등학생영어과외,,,,C:\Users\user\Documents\GitHub\studynavi\광주과외\북구과외\문흥동과외\index.html
region,대구광역시,남구,,,남구,,,중학생,국영수과외,남구 중학생 국영수과외,남구중학생국영수과외,,,,C:\Users\user\Documents\GitHub\studynavi\대구과외\남구과외\index.html
region,대전광역시,서구,변동,,변동,,,고등학생,수학과외,변동 고등학생 수학과외,변동고등학생수학과외,,,,C:\Users\user\Documents\GitHub\studynavi\대전과외\서구과외\변동과외\index.html
region,부산광역시,북구,구포동,,구포동,,,초등학생,국영수과외,구포동 초등학생 국영수과외,구포동초등학생국영수과외,,,,C:\Users\user\Documents\GitHub\studynavi\부산과외\북구과외\부산구포동과외\index.html
region,서울특별시,송파구,거여동,,거여동,,,중학생,영어과외,거여동 중학생 영어과외,거여동중학생영어과외,,,,C:\Users\user\Documents\GitHub\studynavi\서울과외\송파구과외\거여동과외\index.html
region,세종특별자치시,세종시,아름동,,아름동,,,고등학생,국영수과외,아름동 고등학생 국영수과외,아름동고등학생국영수과외,,,,C:\Users\user\Documents\GitHub\studynavi\세종과외\세종시과외\아름동과외\index.html
region,울산광역시,동구,일산동,,일산동,,,중학생,국영수과외,일산동 중학생 국영수과외,일산동중학생국영수과외,,,,C:\Users\user\Documents\GitHub\studynavi\울산과외\동구과외\울산일산동과외\index.html
region,인천광역시,연수구,청학동,,청학동,,,초등학생,영어과외,청학동 초등학생 영어과외,청학동초등학생영어과외,,,,C:\Users\user\Documents\GitHub\studynavi\인천과외\연수구과외\인천청학동과외\index.html
region,전라남도,목포시,산정동,,산정동,,,초등학생,영어과외,산정동 초등학생 영어과외,산정동초등학생영어과외,,,,C:\Users\user\Documents\GitHub\studynavi\전남과외\목포시과외\전남산정동과외\index.html
region,전북특별자치도,전주시,덕진동,,덕진동,,,중학생,국영수과외,덕진동 중학생 국영수과외,덕진동중학생국영수과외,,,,C:\Users\user\Documents\GitHub\studynavi\전북과외\전주시과외\덕진동과외\index.html
region,제주특별자치도,제주시,노형동,,노형동,,,고등학생,국영수과외,노형동 고등학생 국영수과외,노형동고등학생국영수과외,,,,C:\Users\user\Documents\GitHub\studynavi\제주과외\제주시과외\노형동과외\index.html
school,강원특별자치도,춘천시,춘천시교동,,유봉여자중학교,유봉여자중학교,중학교,중학생,수학과외,유봉여자중학교 중학생 수학과외,유봉여자중학교중학생수학과외,,,,C:\Users\user\Documents\GitHub\studynavi\강원과외\춘천시과외\춘천시교동과외\유봉여자중과외\index.html
school,경기도,안양시,비산동,,임곡중학교,임곡중학교,중학교,중학생,국영수과외,임곡중학교 중학생 국영수과외,임곡중학교중학생국영수과외,,,,C:\Users\user\Documents\GitHub\studynavi\경기과외\안양시과외\경기비산동과외\임곡중과외\index.html
school,경상남도,창원시,도계동,,도계중학교,도계중학교,중학교,중학생,국영수과외,도계중학교 중학생 국영수과외,도계중학교중학생국영수과외,,,,C:\Users\user\Documents\GitHub\studynavi\경남과외\창원시과외\도계동과외\도계중과외\index.html
school,경상북도,구미시,임은동,,상모중학교,상모중학교,중학교,중학생,국영수과외,상모중학교 중학생 국영수과외,상모중학교중학생국영수과외,,,,C:\Users\user\Documents\GitHub\studynavi\경북과외\구미시과외\임은동과외\상모중과외\index.html
school,광주광역시,광산구,광산구우산동,,광산중학교,광산중학교,중학교,중학생,국영수과외,광산중학교 중학생 국영수과외,광산중학교중학생국영수과외,,,,C:\Users\user\Documents\GitHub\studynavi\광주과외\광산구과외\광산구우산동과외\광산중과외\index.html
school,대구광역시,달서구,도원동,,대곡중학교,대곡중학교,중학교,중학생,영어과외,대곡중학교 중학생 영어과외,대곡중학교중학생영어과외,,,,C:\Users\user\Documents\GitHub\studynavi\대구과외\달서구과외\대구도원동과외\대곡중과외\index.html
school,대전광역시,대덕구,오정동,,대전경덕중학교,대전경덕중학교,중학교,중학생,국영수과외,대전경덕중학교 중학생 국영수과외,대전경덕중학교중학생국영수과외,,,,C:\Users\user\Documents\GitHub\studynavi\대전과외\대덕구과외\대전오정동과외\대전경덕중과외\index.html
school,부산광역시,부산진구,개금동,,광무여자중학교,광무여자중학교,중학교,중학생,영어과외,광무여자중학교 중학생 영어과외,광무여자중학교중학생영어과외,,,,C:\Users\user\Documents\GitHub\studynavi\부산과외\부산진구과외\개금동과외\광무여자중과외\index.html
school,서울특별시,송파구,방이동,,오륜중학교,오륜중학교,중학교,중학생,국영수과외,오륜중학교 중학생 국영수과외,오륜중학교중학생국영수과외,,,,C:\Users\user\Documents\GitHub\studynavi\서울과외\송파구과외\방이동과외\오륜중과외\index.html
school,세종특별자치시,세종시,한솔동,,한솔중학교,한솔중학교,중학교,중학생,수학과외,한솔중학교 중학생 수학과외,한솔중학교중학생수학과외,,,,C:\Users\user\Documents\GitHub\studynavi\세종과외\세종시과외\한솔동과외\한솔중과외\index.html
school,울산광역시,중구,약사동,,약사중학교,약사중학교,중학교,중학생,국영수과외,약사중학교 중학생 국영수과외,약사중학교중학생국영수과외,,,,C:\Users\user\Documents\GitHub\studynavi\울산과외\중구과외\약사동과외\약사중과외\index.html
school,인천광역시,서구,원당동,,원당중학교,원당중학교,중학교,중학생,영어과외,원당중학교 중학생 영어과외,원당중학교중학생영어과외,,,,C:\Users\user\Documents\GitHub\studynavi\인천과외\서구과외\인천원당동과외\원당중과외\index.html
school,전라남도,목포시,연산동,,목포청호중학교,목포청호중학교,중학교,중학생,영어과외,목포청호중학교 중학생 영어과외,목포청호중학교중학생영어과외,,,,C:\Users\user\Documents\GitHub\studynavi\전남과외\목포시과외\전남연산동과외\목포청호중과외\index.html
school,전북특별자치도,완주군,봉동,,봉서중학교,봉서중학교,중학교,중학생,국영수과외,봉서중학교 중학생 국영수과외,봉서중학교중학생국영수과외,,,,C:\Users\user\Documents\GitHub\studynavi\전북과외\완주군과외\봉동과외\봉서중과외\index.html
school,제주특별자치도,서귀포시,하효동,,효돈중학교,효돈중학교,중학교,중학생,수학과외,효돈중학교 중학생 수학과외,효돈중학교중학생수학과외,,,,C:\Users\user\Documents\GitHub\studynavi\제주과외\서귀포시과외\하효동과외\효돈중과외\index.html
school,충청남도,공주시,교동,,공주여자중학교,공주여자중학교,중학교,중학생,수학과외,공주여자중학교 중학생 수학과외,공주여자중학교중학생수학과외,,,,C:\Users\user\Documents\GitHub\studynavi\충남과외\공주시과외\충남교동과외\공주여자중과외\index.html
school,충청북도,청주시,영운동,,청운중학교,청운중학교,중학교,중학생,영어과외,청운중학교 중학생 영어과외,청운중학교중학생영어과외,,,,C:\Users\user\Documents\GitHub\studynavi\충북과외\청주시과외\영운동과외\청운중과외\index.html
school,강원특별자치도,정선군,신동,,함백중학교,함백중학교,중학교,중학생,국영수과외,함백중학교 중학생 국영수과외,함백중학교중학생국영수과외,,,,C:\Users\user\Documents\GitHub\studynavi\강원과외\정선군과외\강원신동과외\함백중과외\index.html
school,경기도,김포시,장기동,,장기중학교,장기중학교,중학교,중학생,수학과외,장기중학교 중학생 수학과외,장기중학교중학생수학과외,,,,C:\Users\user\Documents\GitHub\studynavi\경기과외\김포시과외\장기동과외\장기중과외\index.html
school,경상남도,김해시,지내동,,활천중학교,활천중학교,중학교,중학생,국영수과외,활천중학교 중학생 국영수과외,활천중학교중학생국영수과외,,,,C:\Users\user\Documents\GitHub\studynavi\경남과외\김해시과외\지내동과외\활천중과외\index.html
school,경상북도,구미시,강동,,오상중학교,오상중학교,중학교,중학생,수학과외,오상중학교 중학생 수학과외,오상중학교중학생수학과외,,,,C:\Users\user\Documents\GitHub\studynavi\경북과외\구미시과외\경북강동과외\오상중과외\index.html
school,광주광역시,북구,운암동,,광주체육중학교,광주체육중학교,중학교,중학생,국영수과외,광주체육중학교 중학생 국영수과외,광주체육중학교중학생국영수과외,,,,C:\Users\user\Documents\GitHub\studynavi\광주과외\북구과외\운암동과외\광주체육중과외\index.html
school,대구광역시,북구,복현동,,대구북중학교,대구북중학교,중학교,중학생,수학과외,대구북중학교 중학생 수학과외,대구북중학교중학생수학과외,,,,C:\Users\user\Documents\GitHub\studynavi\대구과외\북구과외\복현동과외\대구북중과외\index.html
school,대전광역시,유성구,원신흥동,,대전원신흥중학교,대전원신흥중학교,중학교,중학생,수학과외,대전원신흥중학교 중학생 수학과외,대전원신흥중학교중학생수학과외,,,,C:\Users\user\Documents\GitHub\studynavi\대전과외\유성구과외\원신흥동과외\대전원신흥중과외\index.html
school,부산광역시,수영구,광안동,,동아중학교,동아중학교,중학교,중학생,국영수과외,동아중학교 중학생 국영수과외,동아중학교중학생국영수과외,,,,C:\Users\user\Documents\GitHub\studynavi\부산과외\수영구과외\광안동과외\동아중과외\index.html
school,서울특별시,강남구,대치동,,휘문중학교,휘문중학교,중학교,중학생,영어과외,휘문중학교 중학생 영어과외,휘문중학교중학생영어과외,,,,C:\Users\user\Documents\GitHub\studynavi\서울과외\강남구과외\대치동과외\휘문중과외\index.html
school,세종특별자치시,세종시,다정동,,새움중학교,새움중학교,중학교,중학생,국영수과외,새움중학교 중학생 국영수과외,새움중학교중학생국영수과외,,,,C:\Users\user\Documents\GitHub\studynavi\세종과외\세종시과외\다정동과외\새움중과외\index.html
school,울산광역시,남구,옥동,,신정중학교,신정중학교,중학교,중학생,국영수과외,신정중학교 중학생 국영수과외,신정중학교중학생국영수과외,,,,C:\Users\user\Documents\GitHub\studynavi\울산과외\남구과외\옥동과외\신정중과외\index.html
school,인천광역시,미추홀구,관교동,,남인천여자중학교,남인천여자중학교,중학교,중학생,국영수과외,남인천여자중학교 중학생 국영수과외,남인천여자중학교중학생국영수과외,,,,C:\Users\user\Documents\GitHub\studynavi\인천과외\미추홀구과외\관교동과외\남인천여자중과외\index.html
school,전라남도,여수시,덕충동,,충덕중학교,충덕중학교,중학교,중학생,국영수과외,충덕중학교 중학생 국영수과외,충덕중학교중학생국영수과외,,,,C:\Users\user\Documents\GitHub\studynavi\전남과외\여수시과외\덕충동과외\충덕중과외\index.html
school,전북특별자치도,부안군,부안군교동,,낭주중학교,낭주중학교,중학교,중학생,국영수과외,낭주중학교 중학생 국영수과외,낭주중학교중학생국영수과외,,,,C:\Users\user\Documents\GitHub\studynavi\전북과외\부안군과외\부안군교동과외\낭주중과외\index.html
school,제주특별자치도,서귀포시,동홍동,,남주중학교,남주중학교,중학교,중학생,영어과외,남주중학교 중학생 영어과외,남주중학교중학생영어과외,,,,C:\Users\user\Documents\GitHub\studynavi\제주과외\서귀포시과외\동홍동과외\남주중과외\index.html
school,충청남도,공주시,신관동,,봉황중학교,봉황중학교,중학교,중학생,수학과외,봉황중학교 중학생 수학과외,봉황중학교중학생수학과외,,,,C:\Users\user\Documents\GitHub\studynavi\충남과외\공주시과외\신관동과외\봉황중과외\index.html
school,충청북도,청주시,복대동,,복대중학교,복대중학교,중학교,중학생,수학과외,복대중학교 중학생 수학과외,복대중학교중학생수학과외,,,,C:\Users\user\Documents\GitHub\studynavi\충북과외\청주시과외\복대동과외\복대중과외\index.html
school,강원특별자치도,춘천시,온의동,,남춘천중학교,남춘천중학교,중학교,중학생,수학과외,남춘천중학교 중학생 수학과외,남춘천중학교중학생수학과외,,,,C:\Users\user\Documents\GitHub\studynavi\강원과외\춘천시과외\온의동과외\남춘천중과외\index.html
school,경기도,성남시,도촌동,,도촌중학교,도촌중학교,중학교,중학생,영어과외,도촌중학교 중학생 영어과외,도촌중학교중학생영어과외,,,,C:\Users\user\Documents\GitHub\studynavi\경기과외\성남시과외\도촌동과외\도촌중과외\index.html
school,경상남도,창원시,회원동,,마산무학여자중학교,마산무학여자중학교,중학교,중학생,국영수과외,마산무학여자중학교 중학생 국영수과외,마산무학여자중학교중학생국영수과외,,,,C:\Users\user\Documents\GitHub\studynavi\경남과외\창원시과외\회원동과외\마산무학여자중과외\index.html
school,경상북도,포항시,이동,,포항이동중학교,포항이동중학교,중학교,중학생,국영수과외,포항이동중학교 중학생 국영수과외,포항이동중학교중학생국영수과외,,,,C:\Users\user\Documents\GitHub\studynavi\경북과외\포항시과외\경북이동과외\포항이동중과외\index.html
school,광주광역시,북구,본촌동,,지산중학교,지산중학교,중학교,중학생,수학과외,지산중학교 중학생 수학과외,지산중학교중학생수학과외,,,,C:\Users\user\Documents\GitHub\studynavi\광주과외\북구과외\본촌동과외\지산중과외\index.html
school,대구광역시,달서구,두류동,,구남중학교,구남중학교,중학교,중학생,영어과외,구남중학교 중학생 영어과외,구남중학교중학생영어과외,,,,C:\Users\user\Documents\GitHub\studynavi\대구과외\달서구과외\두류동과외\구남중과외\index.html
school,대전광역시,유성구,지족동,,대전지족중학교,대전지족중학교,중학교,중학생,국영수과외,대전지족중학교 중학생 국영수과외,대전지족중학교중학생국영수과외,,,,C:\Users\user\Documents\GitHub\studynavi\대전과외\유성구과외\지족동과외\대전지족중과외\index.html
school,부산광역시,강서구,명지동,,명지중학교,명지중학교,중학교,중학생,영어과외,명지중학교 중학생 영어과외,명지중학교중학생영어과외,,,,C:\Users\user\Documents\GitHub\studynavi\부산과외\강서구과외\명지동과외\명지중과외\index.html
school,서울특별시,구로구,신도림동,,신도림중학교,신도림중학교,중학교,중학생,영어과외,신도림중학교 중학생 영어과외,신도림중학교중학생영어과외,,,,C:\Users\user\Documents\GitHub\studynavi\서울과외\구로구과외\신도림동과외\신도림중과외\index.html
school,세종특별자치시,세종시,종촌동,,종촌중학교,종촌중학교,중학교,중학생,국영수과외,종촌중학교 중학생 국영수과외,종촌중학교중학생국영수과외,,,,C:\Users\user\Documents\GitHub\studynavi\세종과외\세종시과외\종촌동과외\종촌중과외\index.html
school,울산광역시,남구,신정동,,학성중학교,학성중학교,중학교,중학생,국영수과외,학성중학교 중학생 국영수과외,학성중학교중학생국영수과외,,,,C:\Users\user\Documents\GitHub\studynavi\울산과외\남구과외\울산신정동과외\학성중과외\index.html
school,인천광역시,남동구,구월동,,구월여자중학교,구월여자중학교,중학교,중학생,국영수과외,구월여자중학교 중학생 국영수과외,구월여자중학교중학생국영수과외,,,,C:\Users\user\Documents\GitHub\studynavi\인천과외\남동구과외\구월동과외\구월여자중과외\index.html
school,전라남도,여수시,웅천동,,여수웅천중학교,여수웅천중학교,중학교,중학생,국영수과외,여수웅천중학교 중학생 국영수과외,여수웅천중학교중학생국영수과외,,,,C:\Users\user\Documents\GitHub\studynavi\전남과외\여수시과외\웅천동과외\여수웅천중과외\index.html
school,전북특별자치도,전주시,중동,,전주만성중학교,전주만성중학교,중학교,중학생,영어과외,전주만성중학교 중학생 영어과외,전주만성중학교중학생영어과외,,,,C:\Users\user\Documents\GitHub\studynavi\전북과외\전주시과외\전북중동과외\전주만성중과외\index.html
school,제주특별자치도,서귀포시,중문동,,중문중학교,중문중학교,중학교,중학생,영어과외,중문중학교 중학생 영어과외,중문중학교중학생영어과외,,,,C:\Users\user\Documents\GitHub\studynavi\제주과외\서귀포시과외\중문동과외\중문중과외\index.html
school,충청남도,천안시,원성동,,천안여자중학교,천안여자중학교,중학교,중학생,국영수과외,천안여자중학교 중학생 국영수과외,천안여자중학교중학생국영수과외,,,,C:\Users\user\Documents\GitHub\studynavi\충남과외\천안시과외\원성동과외\천안여자중과외\index.html
school,강원특별자치도,삼척시,남양동,,삼척여자고등학교,삼척여자고등학교,고등학교,고등학생,영어과외,삼척여자고등학교 고등학생 영어과외,삼척여자고등학교고등학생영어과외,,,,C:\Users\user\Documents\GitHub\studynavi\강원과외\삼척시과외\남양동과외\삼척여자고과외\index.html
school,경기도,광명시,철산동,,광명북고등학교,광명북고등학교,고등학교,고등학생,국영수과외,광명북고등학교 고등학생 국영수과외,광명북고등학교고등학생국영수과외,,,,C:\Users\user\Documents\GitHub\studynavi\경기과외\광명시과외\철산동과외\광명북고과외\index.html
school,경상남도,창원시,양덕동,,한일여자고등학교,한일여자고등학교,고등학교,고등학생,영어과외,한일여자고등학교 고등학생 영어과외,한일여자고등학교고등학생영어과외,,,,C:\Users\user\Documents\GitHub\studynavi\경남과외\창원시과외\경남양덕동과외\한일여자고과외\index.html
school,경상북도,포항시,두호동,,두호고등학교,두호고등학교,고등학교,고등학생,영어과외,두호고등학교 고등학생 영어과외,두호고등학교고등학생영어과외,,,,C:\Users\user\Documents\GitHub\studynavi\경북과외\포항시과외\두호동과외\두호고과외\index.html
school,광주광역시,광산구,수완동,,명진고등학교,명진고등학교,고등학교,고등학생,수학과외,명진고등학교 고등학생 수학과외,명진고등학교고등학생수학과외,,,,C:\Users\user\Documents\GitHub\studynavi\광주과외\광산구과외\수완동과외\명진고과외\index.html
school,대구광역시,동구,신평동,,조일고등학교,조일고등학교,고등학교,고등학생,수학과외,조일고등학교 고등학생 수학과외,조일고등학교고등학생수학과외,,,,C:\Users\user\Documents\GitHub\studynavi\대구과외\동구과외\대구신평동과외\조일고과외\index.html
school,대전광역시,유성구,노은동,,대전노은고등학교,대전노은고등학교,고등학교,고등학생,수학과외,대전노은고등학교 고등학생 수학과외,대전노은고등학교고등학생수학과외,,,,C:\Users\user\Documents\GitHub\studynavi\대전과외\유성구과외\노은동과외\대전노은고과외\index.html
school,부산광역시,서구,동대신동,,경남고등학교,경남고등학교,고등학교,고등학생,국영수과외,경남고등학교 고등학생 국영수과외,경남고등학교고등학생국영수과외,,,,C:\Users\user\Documents\GitHub\studynavi\부산과외\서구과외\동대신동과외\경남고과외\index.html
school,서울특별시,동작구,사당동,,동작고등학교,동작고등학교,고등학교,고등학생,영어과외,동작고등학교 고등학생 영어과외,동작고등학교고등학생영어과외,,,,C:\Users\user\Documents\GitHub\studynavi\서울과외\동작구과외\사당동과외\동작고과외\index.html
school,세종특별자치시,세종시,반곡동,,반곡고등학교,반곡고등학교,고등학교,고등학생,국영수과외,반곡고등학교 고등학생 국영수과외,반곡고등학교고등학생국영수과외,,,,C:\Users\user\Documents\GitHub\studynavi\세종과외\세종시과외\세종반곡동과외\반곡고과외\index.html
school,울산광역시,남구,신정동,,울산강남고등학교,울산강남고등학교,고등학교,고등학생,영어과외,울산강남고등학교 고등학생 영어과외,울산강남고등학교고등학생영어과외,,,,C:\Users\user\Documents\GitHub\studynavi\울산과외\남구과외\울산신정동과외\울산강남고과외\index.html
school,인천광역시,부평구,산곡동,,부광고등학교,부광고등학교,고등학교,고등학생,수학과외,부광고등학교 고등학생 수학과외,부광고등학교고등학생수학과외,,,,C:\Users\user\Documents\GitHub\studynavi\인천과외\부평구과외\산곡동과외\부광고과외\index.html
school,전라남도,목포시,목포시용당동,,목상고등학교,목상고등학교,고등학교,고등학생,수학과외,목상고등학교 고등학생 수학과외,목상고등학교고등학생수학과외,,,,C:\Users\user\Documents\GitHub\studynavi\전남과외\목포시과외\목포시용당동과외\목상고과외\index.html
school,전북특별자치도,전주시,효자동,,동암고등학교,동암고등학교,고등학교,고등학생,수학과외,동암고등학교 고등학생 수학과외,동암고등학교고등학생수학과외,,,,C:\Users\user\Documents\GitHub\studynavi\전북과외\전주시과외\전북효자동과외\동암고과외\index.html
school,제주특별자치도,제주시,봉개동,,대기고등학교,대기고등학교,고등학교,고등학생,수학과외,대기고등학교 고등학생 수학과외,대기고등학교고등학생수학과외,,,,C:\Users\user\Documents\GitHub\studynavi\제주과외\제주시과외\봉개동과외\대기고과외\index.html
school,충청남도,공주시,중학동,,공주고등학교,공주고등학교,고등학교,고등학생,영어과외,공주고등학교 고등학생 영어과외,공주고등학교고등학생영어과외,,,,C:\Users\user\Documents\GitHub\studynavi\충남과외\공주시과외\중학동과외\공주고과외\index.html
school,충청북도,청주시,용담동,,주성고등학교,주성고등학교,고등학교,고등학생,영어과외,주성고등학교 고등학생 영어과외,주성고등학교고등학생영어과외,,,,C:\Users\user\Documents\GitHub\studynavi\충북과외\청주시과외\용담동과외\주성고과외\index.html
school,강원특별자치도,강릉시,지변동,,강릉문성고등학교,강릉문성고등학교,고등학교,고등학생,영어과외,강릉문성고등학교 고등학생 영어과외,강릉문성고등학교고등학생영어과외,,,,C:\Users\user\Documents\GitHub\studynavi\강원과외\강릉시과외\지변동과외\강릉문성고과외\index.html
school,경기도,양주시,삼숭동,,양주고등학교,양주고등학교,고등학교,고등학생,영어과외,양주고등학교 고등학생 영어과외,양주고등학교고등학생영어과외,,,,C:\Users\user\Documents\GitHub\studynavi\경기과외\양주시과외\삼숭동과외\양주고과외\index.html
school,경상남도,창원시,팔용동,,창원성민여자고등학교,창원성민여자고등학교,고등학교,고등학생,국영수과외,창원성민여자고등학교 고등학생 국영수과외,창원성민여자고등학교고등학생국영수과외,,,,C:\Users\user\Documents\GitHub\studynavi\경남과외\창원시과외\팔용동과외\창원성민여자고과외\index.html
school,경상북도,영천시,도동,,영천성남여자고등학교,영천성남여자고등학교,고등학교,고등학생,수학과외,영천성남여자고등학교 고등학생 수학과외,영천성남여자고등학교고등학생수학과외,,,,C:\Users\user\Documents\GitHub\studynavi\경북과외\영천시과외\경북도동과외\영천성남여자고과외\index.html
school,광주광역시,북구,일곡동,,살레시오고등학교,살레시오고등학교,고등학교,고등학생,영어과외,살레시오고등학교 고등학생 영어과외,살레시오고등학교고등학생영어과외,,,,C:\Users\user\Documents\GitHub\studynavi\광주과외\북구과외\일곡동과외\살레시오고과외\index.html
school,대구광역시,동구,신천동,,청구고등학교,청구고등학교,고등학교,고등학생,수학과외,청구고등학교 고등학생 수학과외,청구고등학교고등학생수학과외,,,,C:\Users\user\Documents\GitHub\studynavi\대구과외\동구과외\대구신천동과외\청구고과외\index.html
school,대전광역시,유성구,관평동,,중일고등학교,중일고등학교,고등학교,고등학생,수학과외,중일고등학교 고등학생 수학과외,중일고등학교고등학생수학과외,,,,C:\Users\user\Documents\GitHub\studynavi\대전과외\유성구과외\관평동과외\중일고과외\index.html
school,부산광역시,동래구,사직동,,사직여자고등학교,사직여자고등학교,고등학교,고등학생,수학과외,사직여자고등학교 고등학생 수학과외,사직여자고등학교고등학생수학과외,,,,C:\Users\user\Documents\GitHub\studynavi\부산과외\동래구과외\부산사직동과외\사직여자고과외\index.html
school,서울특별시,은평구,진관동,,신도고등학교,신도고등학교,고등학교,고등학생,국영수과외,신도고등학교 고등학생 국영수과외,신도고등학교고등학생국영수과외,,,,C:\Users\user\Documents\GitHub\studynavi\서울과외\은평구과외\진관동과외\신도고과외\index.html
school,세종특별자치시,세종시,종촌동,,종촌고등학교,종촌고등학교,고등학교,고등학생,수학과외,종촌고등학교 고등학생 수학과외,종촌고등학교고등학생수학과외,,,,C:\Users\user\Documents\GitHub\studynavi\세종과외\세종시과외\종촌동과외\종촌고과외\index.html
school,울산광역시,남구,선암동,,울산삼일고등학교,울산삼일고등학교,고등학교,고등학생,수학과외,울산삼일고등학교 고등학생 수학과외,울산삼일고등학교고등학생수학과외,,,,C:\Users\user\Documents\GitHub\studynavi\울산과외\남구과외\울산선암동과외\울산삼일고과외\index.html
school,인천광역시,중구,운서동,,인천하늘고등학교,인천하늘고등학교,고등학교,고등학생,수학과외,인천하늘고등학교 고등학생 수학과외,인천하늘고등학교고등학생수학과외,,,,C:\Users\user\Documents\GitHub\studynavi\인천과외\중구과외\운서동과외\인천하늘고과외\index.html
school,전라남도,순천시,순천시용당동,,순천효산고등학교,순천효산고등학교,고등학교,고등학생,수학과외,순천효산고등학교 고등학생 수학과외,순천효산고등학교고등학생수학과외,,,,C:\Users\user\Documents\GitHub\studynavi\전남과외\순천시과외\순천시용당동과외\순천효산고과외\index.html
school,전북특별자치도,전주시,장동,,양현고등학교,양현고등학교,고등학교,고등학생,수학과외,양현고등학교 고등학생 수학과외,양현고등학교고등학생수학과외,,,,C:\Users\user\Documents\GitHub\studynavi\전북과외\전주시과외\전북장동과외\양현고과외\index.html
school,제주특별자치도,제주시,이도이동,,제주중앙여자고등학교,제주중앙여자고등학교,고등학교,고등학생,영어과외,제주중앙여자고등학교 고등학생 영어과외,제주중앙여자고등학교고등학생영어과외,,,,C:\Users\user\Documents\GitHub\studynavi\제주과외\제주시과외\이도이동과외\제주중앙여자고과외\index.html
school,충청남도,논산시,등화동,,논산대건고등학교,논산대건고등학교,고등학교,고등학생,영어과외,논산대건고등학교 고등학생 영어과외,논산대건고등학교고등학생영어과외,,,,C:\Users\user\Documents\GitHub\studynavi\충남과외\논산시과외\등화동과외\논산대건고과외\index.html
school,충청북도,영동군,영동군영동,,영동미래고등학교,영동미래고등학교,고등학교,고등학생,영어과외,영동미래고등학교 고등학생 영어과외,영동미래고등학교고등학생영어과외,,,,C:\Users\user\Documents\GitHub\studynavi\충북과외\영동군과외\영동군영동과외\영동미래고과외\index.html
school,강원특별자치도,강릉시,초당동,,강릉고등학교,강릉고등학교,고등학교,고등학생,영어과외,강릉고등학교 고등학생 영어과외,강릉고등학교고등학생영어과외,,,,C:\Users\user\Documents\GitHub\studynavi\강원과외\강릉시과외\초당동과외\강릉고과외\index.html
school,경기도,시흥시,하상동,,시흥고등학교,시흥고등학교,고등학교,고등학생,국영수과외,시흥고등학교 고등학생 국영수과외,시흥고등학교고등학생국영수과외,,,,C:\Users\user\Documents\GitHub\studynavi\경기과외\시흥시과외\하상동과외\시흥고과외\index.html
school,경상남도,김해시,율하동,,김해외국어고등학교,김해외국어고등학교,고등학교,고등학생,국영수과외,김해외국어고등학교 고등학생 국영수과외,김해외국어고등학교고등학생국영수과외,,,,C:\Users\user\Documents\GitHub\studynavi\경남과외\김해시과외\경남율하동과외\김해외국어고과외\index.html
school,경상북도,경산시,경산시사동,,사동고등학교,사동고등학교,고등학교,고등학생,국영수과외,사동고등학교 고등학생 국영수과외,사동고등학교고등학생국영수과외,,,,C:\Users\user\Documents\GitHub\studynavi\경북과외\경산시과외\경산시사동과외\사동고과외\index.html
school,광주광역시,서구,화정동,,광덕고등학교,광덕고등학교,고등학교,고등학생,국영수과외,광덕고등학교 고등학생 국영수과외,광덕고등학교고등학생국영수과외,,,,C:\Users\user\Documents\GitHub\studynavi\광주과외\서구과외\광주화정동과외\광덕고과외\index.html
school,대구광역시,수성구,욱수동,,덕원고등학교,덕원고등학교,고등학교,고등학생,국영수과외,덕원고등학교 고등학생 국영수과외,덕원고등학교고등학생국영수과외,,,,C:\Users\user\Documents\GitHub\studynavi\대구과외\수성구과외\욱수동과외\덕원고과외\index.html
school,대전광역시,대덕구,중리동,,동대전고등학교,동대전고등학교,고등학교,고등학생,수학과외,동대전고등학교 고등학생 수학과외,동대전고등학교고등학생수학과외,,,,C:\Users\user\Documents\GitHub\studynavi\대전과외\대덕구과외\대전중리동과외\동대전고과외\index.html
school,부산광역시,부산진구,전포동,,부산마케팅고등학교,부산마케팅고등학교,고등학교,고등학생,영어과외,부산마케팅고등학교 고등학생 영어과외,부산마케팅고등학교고등학생영어과외,,,,C:\Users\user\Documents\GitHub\studynavi\부산과외\부산진구과외\전포동과외\부산마케팅고과외\index.html
school,서울특별시,강남구,삼성동,,경기고등학교,경기고등학교,고등학교,고등학생,수학과외,경기고등학교 고등학생 수학과외,경기고등학교고등학생수학과외,,,,C:\Users\user\Documents\GitHub\studynavi\서울과외\강남구과외\서울삼성동과외\경기고과외\index.html
school,세종특별자치시,세종시,한솔동,,한솔고등학교,한솔고등학교,고등학교,고등학생,영어과외,한솔고등학교 고등학생 영어과외,한솔고등학교고등학생영어과외,,,,C:\Users\user\Documents\GitHub\studynavi\세종과외\세종시과외\한솔동과외\한솔고과외\index.html
school,울산광역시,동구,서부동,,남목고등학교,남목고등학교,고등학교,고등학생,수학과외,남목고등학교 고등학생 수학과외,남목고등학교고등학생수학과외,,,,C:\Users\user\Documents\GitHub\studynavi\울산과외\동구과외\울산서부동과외\남목고과외\index.html
school,인천광역시,계양구,효성동,,인천효성고등학교,인천효성고등학교,고등학교,고등학생,수학과외,인천효성고등학교 고등학생 수학과외,인천효성고등학교고등학생수학과외,,,,C:\Users\user\Documents\GitHub\studynavi\인천과외\계양구과외\효성동과외\인천효성고과외\index.html
school,전라남도,광양시,중동,,광양백운고등학교,광양백운고등학교,고등학교,고등학생,수학과외,광양백운고등학교 고등학생 수학과외,광양백운고등학교고등학생수학과외,,,,C:\Users\user\Documents\GitHub\studynavi\전남과외\광양시과외\전남중동과외\광양백운고과외\index.html
school,전북특별자치도,전주시,효자동,,전주대학교사범대학부설고등학교,전주대학교사범대학부설고등학교,고등학교,고등학생,수학과외,전주대학교사범대학부설고등학교 고등학생 수학과외,전주대학교사범대학부설고등학교고등학생수학과외,,,,C:\Users\user\Documents\GitHub\studynavi\전북과외\전주시과외\전북효자동과외\전주대학교사범대학부설고과외\index.html
school,제주특별자치도,제주시,연동,,남녕고등학교,남녕고등학교,고등학교,고등학생,수학과외,남녕고등학교 고등학생 수학과외,남녕고등학교고등학생수학과외,,,,C:\Users\user\Documents\GitHub\studynavi\제주과외\제주시과외\제주연동과외\남녕고과외\index.html
school,충청남도,논산시,부창동,,쌘뽈여자고등학교,쌘뽈여자고등학교,고등학교,고등학생,국영수과외,쌘뽈여자고등학교 고등학생 국영수과외,쌘뽈여자고등학교고등학생국영수과외,,,,C:\Users\user\Documents\GitHub\studynavi\충남과외\논산시과외\부창동과외\쌘뽈여자고과외\index.html
